VISIT.,AMGR_Adults,AMGR_Eggs,AMGR_Juvs,AMGR_Larvae,AMMA_Adults,AMMA_Eggs,AMMA_Juvs,AMMA_Larvae,ANBO_Adults,ANBO_Eggs,ANBO_Juvs,ANBO_Larvae,PSRE_Adults,PSRE_Eggs,PSRE_Juvs,PSRE_Larvae,RAAU_Adults,RAAU_Eggs,RAAU_Juvs,RAAU_Larvae,RACA_Adults,RACA_Eggs,RACA_Juvs,RACA_Larvae,RAPR_Adults,RAPR_Eggs,RAPR_Juvs,RAPR_Larvae,TAGR_Adults,TAGR_Eggs,TAGR_Juvs,TAGR_Larvae,SiteCode
87-10,NA,NA,NA,NA,NA,NA,NA,NA,50,NA,NA,NA,NA,NA,NA,NA,NA,NA,NA,NA,NA,NA,NA,NA,NA,NA,NA,NA,NA,NA,NA,NA,BRUR
87-08,NA,NA,NA,NA,NA,NA,NA,NA,NA,NA,1e3,NA,NA,NA,2e3,NA,NA,NA,NA,NA,1,NA,NA,NA,NA,NA,NA,NA,NA,NA,NA,NA,DRY
87-13,NA,NA,NA,NA,NA,NA,NA,NA,NA,NA,NA,2e4,NA,NA,NA,100,NA,NA,NA,NA,NA,NA,NA,NA,NA,NA,NA,NA,50,NA,NA,NA,FROG
87-02,NA,NA,NA,NA,NA,NA,NA,NA,NA,NA,NA,NA,20,NA,NA,NA,NA,NA,NA,NA,4,NA,6,300,NA,NA,NA,NA,12,NA,NA,NA,JACK
87-14,NA,NA,NA,NA,NA,NA,NA,NA,NA,NA,300,NA,NA,NA,300,NA,NA,NA,NA,NA,NA,NA,NA,NA,NA,NA,NA,NA,NA,NA,NA,NA,FRY
87-04,NA,NA,NA,2,NA,NA,NA,NA,NA,NA,NA,NA,NA,NA,NA,NA,NA,NA,NA,NA,2,NA,25,NA,NA,NA,NA,NA,12,NA,NA,NA,LCM
88-02,NA,NA,NA,NA,NA,NA,NA,NA,30,NA,NA,NA,2,NA,NA,NA,NA,NA,NA,NA,NA,NA,NA,NA,NA,NA,NA,NA,3,NA,NA,NA,BRUR
88-03,NA,NA,NA,NA,NA,NA,NA,NA,1,NA,NA,2e3,NA,NA,NA,NA,NA,NA,NA,NA,NA,NA,NA,NA,NA,NA,NA,NA,NA,NA,NA,NA,BRUR
88-04,NA,NA,NA,NA,NA,NA,NA,NA,1,NA,NA,1e4,NA,NA,NA,NA,NA,NA,NA,NA,NA,NA,NA,NA,NA,NA,NA,NA,NA,NA,NA,NA,BRUR
88-08,NA,NA,NA,NA,NA,NA,NA,NA,NA,NA,NA,5e5,NA,NA,NA,200,NA,NA,NA,NA,NA,NA,NA,NA,NA,NA,NA,NA,NA,NA,NA,NA,FRY
88-05,NA,NA,NA,NA,NA,NA,NA,NA,NA,NA,NA,NA,NA,NA,1e4,NA,NA,NA,NA,NA,NA,NA,NA,NA,NA,NA,NA,NA,2,NA,NA,NA,BRUR
88-06,NA,NA,NA,NA,NA,NA,NA,NA,NA,NA,1e4,NA,NA,NA,2e3,NA,NA,NA,NA,NA,NA,NA,NA,NA,NA,NA,NA,NA,NA,NA,NA,NA,BRUR
89-01,NA,NA,NA,NA,NA,NA,NA,NA,NA,NA,NA,NA,6,NA,NA,NA,NA,NA,NA,NA,NA,NA,NA,NA,NA,NA,NA,NA,NA,NA,NA,NA,BRUR
89-02,NA,NA,NA,NA,NA,NA,NA,NA,0,NA,NA,NA,NA,NA,NA,NA,NA,NA,NA,NA,NA,NA,NA,NA,NA,NA,NA,NA,NA,NA,NA,NA,BRUR
89-04,NA,1,NA,NA,NA,NA,NA,NA,NA,NA,NA,3e5,3,NA,NA,300,NA,NA,NA,NA,NA,NA,NA,NA,NA,NA,NA,NA,1,NA,NA,NA,FRY
89-03,NA,NA,NA,NA,NA,NA,NA,NA,NA,NA,0,NA,NA,NA,NA,NA,NA,NA,NA,NA,NA,NA,NA,NA,NA,NA,NA,NA,NA,NA,NA,NA,BRUR
90-11,NA,NA,NA,NA,NA,NA,NA,2,NA,NA,NA,NA,NA,NA,NA,NA,NA,NA,NA,NA,NA,NA,NA,NA,NA,NA,NA,NA,NA,NA,NA,NA,LCM
90-09,NA,NA,NA,NA,NA,NA,NA,NA,30,NA,NA,NA,NA,NA,NA,NA,NA,NA,NA,NA,NA,NA,NA,NA,NA,NA,NA,NA,NA,NA,NA,NA,BRUR
90-05,NA,4,NA,10,NA,NA,NA,NA,NA,NA,NA,NA,NA,NA,10,500,NA,NA,NA,NA,NA,NA,20,1e3,NA,NA,NA,NA,NA,NA,NA,NA,JACK
90-07,NA,NA,NA,NA,NA,NA,NA,2,NA,NA,NA,200,NA,NA,NA,500,NA,NA,NA,NA,5,NA,NA,NA,NA,NA,NA,NA,NA,NA,NA,NA,DRY
90-10,NA,NA,NA,NA,NA,NA,NA,NA,NA,NA,0,NA,NA,NA,200,NA,NA,NA,NA,NA,NA,NA,NA,NA,NA,NA,NA,NA,NA,NA,NA,NA,BRUR
91-10,NA,NA,NA,NA,NA,NA,NA,NA,NA,NA,NA,NA,NA,NA,NA,NA,NA,7,NA,NA,NA,NA,NA,NA,NA,NA,NA,NA,NA,NA,NA,NA,BRUR
91-11,NA,NA,NA,NA,NA,NA,NA,NA,NA,NA,NA,NA,6,NA,NA,NA,NA,7,NA,NA,NA,NA,NA,NA,NA,NA,NA,NA,NA,NA,NA,NA,BRUR
91-07,NA,1,NA,NA,NA,NA,NA,NA,NA,NA,NA,NA,NA,NA,NA,NA,NA,NA,NA,NA,1,NA,NA,20,NA,NA,NA,NA,NA,NA,NA,NA,WEENS
91-12,NA,NA,NA,NA,NA,NA,NA,NA,1,NA,NA,NA,NA,NA,NA,NA,NA,NA,NA,NA,NA,NA,NA,NA,NA,NA,NA,NA,NA,NA,NA,NA,BRUR
91-13,NA,NA,NA,NA,NA,NA,NA,NA,40,NA,NA,NA,NA,NA,NA,NA,NA,NA,NA,NA,NA,NA,NA,NA,NA,NA,NA,NA,NA,NA,NA,NA,BRUR
91-18,NA,NA,NA,NA,NA,NA,NA,NA,NA,NA,NA,5e5,NA,NA,NA,NA,NA,NA,NA,NA,NA,NA,NA,NA,NA,NA,NA,NA,NA,NA,NA,NA,FRY
91-04,NA,NA,NA,NA,NA,NA,NA,NA,NA,NA,NA,NA,100,NA,NA,NA,NA,NA,NA,NA,20,NA,5,NA,NA,NA,NA,NA,NA,NA,NA,NA,JACK
91-03,NA,NA,NA,NA,NA,NA,NA,1,1,NA,NA,NA,2,NA,NA,NA,NA,NA,NA,NA,NA,NA,NA,20,NA,NA,NA,NA,NA,NA,NA,NA,DRY
91-15,NA,NA,NA,NA,NA,NA,NA,NA,NA,NA,NA,1e4,NA,NA,NA,NA,NA,NA,NA,NA,NA,NA,NA,NA,NA,NA,NA,NA,NA,NA,NA,NA,FROG
91-16,NA,NA,NA,NA,NA,NA,NA,NA,NA,NA,5e3,NA,NA,NA,NA,NA,NA,NA,NA,NA,NA,NA,NA,NA,NA,NA,NA,NA,NA,NA,NA,NA,FROG
91-19,NA,NA,NA,NA,NA,NA,1,NA,NA,NA,200,NA,NA,NA,100,NA,NA,NA,NA,NA,NA,NA,NA,NA,NA,NA,NA,NA,NA,NA,NA,NA,FRY
91-05,NA,NA,NA,NA,NA,NA,NA,NA,NA,NA,NA,NA,NA,NA,100,NA,NA,NA,NA,NA,NA,NA,100,NA,NA,NA,NA,NA,NA,NA,NA,NA,JACK
91-08,NA,NA,NA,NA,NA,NA,NA,NA,NA,NA,NA,NA,NA,NA,NA,NA,NA,NA,NA,NA,NA,NA,3,NA,NA,NA,NA,NA,NA,NA,NA,NA,DRY
91-17,NA,NA,NA,NA,NA,NA,1,NA,NA,NA,800,NA,NA,NA,100,NA,NA,NA,NA,NA,NA,NA,NA,NA,NA,NA,NA,NA,NA,NA,NA,NA,FROG
91-20,NA,NA,NA,2,NA,NA,NA,NA,NA,NA,NA,NA,1,NA,NA,NA,NA,NA,NA,NA,NA,NA,NA,NA,NA,NA,NA,NA,NA,NA,NA,NA,LCM
92-14,NA,NA,NA,NA,NA,NA,NA,NA,NA,NA,1,NA,NA,NA,NA,NA,NA,23,1,NA,NA,NA,NA,NA,NA,NA,NA,NA,NA,NA,NA,NA,BRUR
92-15,NA,NA,NA,NA,NA,NA,NA,NA,NA,NA,NA,NA,NA,NA,NA,NA,NA,NA,NA,100,NA,NA,NA,NA,NA,NA,NA,NA,NA,NA,NA,NA,BRUR
92-01,NA,NA,NA,NA,NA,NA,NA,NA,NA,NA,NA,NA,1,NA,NA,NA,NA,NA,NA,NA,NA,4,NA,NA,NA,NA,NA,NA,4,NA,NA,NA,WEENS
92-25,NA,NA,NA,1,17,NA,NA,NA,NA,50,4,20,4,NA,NA,NA,NA,NA,NA,NA,NA,NA,NA,NA,NA,NA,NA,NA,50,NA,NA,NA,FROG
92-26,1,NA,NA,3,NA,1,NA,NA,110,50,NA,50,4,6,NA,NA,NA,NA,NA,NA,NA,NA,NA,NA,NA,NA,NA,NA,NA,NA,NA,NA,FROG
92-27,NA,NA,NA,NA,5,1,NA,NA,28,90,NA,50,NA,NA,NA,NA,NA,NA,NA,NA,NA,NA,NA,NA,NA,NA,NA,NA,NA,NA,NA,NA,FROG
92-09,NA,NA,NA,NA,NA,NA,NA,NA,NA,NA,NA,NA,1,20,NA,NA,NA,NA,NA,NA,NA,NA,NA,300,NA,NA,NA,NA,10,NA,NA,NA,WEENS
92-28,NA,NA,NA,NA,3,NA,NA,NA,8,100,NA,NA,5,NA,NA,NA,NA,NA,NA,NA,NA,NA,NA,NA,NA,NA,NA,NA,NA,NA,NA,NA,FROG
92-29,NA,NA,NA,NA,NA,NA,NA,NA,NA,150,NA,NA,NA,NA,NA,NA,NA,NA,NA,NA,NA,NA,NA,NA,NA,NA,NA,NA,60,NA,NA,NA,FROG
92-17,NA,NA,NA,NA,NA,NA,NA,NA,12,NA,NA,NA,NA,NA,NA,NA,NA,NA,NA,NA,NA,NA,NA,NA,NA,NA,NA,NA,NA,NA,NA,NA,BRUR
92-18,NA,NA,NA,NA,NA,NA,NA,NA,30,NA,NA,NA,NA,NA,NA,NA,NA,NA,NA,NA,NA,NA,NA,NA,NA,NA,NA,NA,NA,NA,NA,NA,BRUR
92-30,NA,NA,NA,2,NA,NA,NA,4,NA,NA,100,2e3,NA,50,NA,500,NA,NA,NA,NA,NA,NA,NA,NA,NA,NA,NA,NA,NA,NA,NA,NA,FROG
92-19,NA,NA,NA,NA,NA,NA,NA,NA,NA,1,NA,1200,NA,NA,NA,NA,NA,NA,NA,NA,NA,NA,NA,NA,NA,NA,NA,NA,NA,NA,NA,NA,BRUR
92-32,NA,NA,NA,NA,NA,NA,NA,NA,NA,NA,NA,1e3,NA,NA,NA,1e3,NA,NA,NA,NA,NA,NA,NA,NA,NA,NA,NA,NA,12,NA,NA,NA,FRY
92-03,NA,1,NA,NA,NA,NA,NA,2,NA,NA,1,NA,NA,NA,NA,NA,NA,NA,NA,NA,1,NA,3,200,NA,NA,NA,NA,1,NA,NA,NA,JACK
92-10,NA,NA,NA,NA,NA,NA,NA,NA,NA,NA,NA,50,NA,NA,NA,500,NA,NA,NA,NA,NA,NA,NA,NA,NA,NA,NA,NA,NA,NA,NA,NA,DRY
92-31,NA,NA,NA,NA,NA,NA,NA,NA,NA,NA,NA,200,NA,NA,NA,NA,NA,NA,NA,NA,NA,NA,NA,NA,NA,NA,NA,NA,NA,NA,NA,NA,FROG
92-04,NA,NA,NA,NA,NA,NA,NA,1,NA,NA,1,NA,NA,NA,50,NA,NA,NA,NA,NA,NA,NA,NA,100,NA,NA,NA,NA,NA,NA,NA,NA,JACK
92-11,NA,NA,NA,NA,NA,NA,NA,7,NA,NA,NA,NA,NA,NA,200,100,NA,NA,NA,NA,NA,NA,NA,NA,NA,NA,NA,NA,NA,NA,NA,NA,DRY
92-34,NA,NA,NA,NA,NA,NA,NA,NA,NA,NA,NA,NA,NA,NA,NA,NA,NA,NA,NA,NA,1,NA,NA,NA,NA,NA,NA,NA,NA,NA,NA,NA,LCM
92-33,NA,NA,NA,NA,NA,NA,2,NA,NA,NA,NA,NA,NA,NA,NA,NA,NA,NA,NA,NA,NA,NA,NA,NA,NA,NA,NA,NA,NA,NA,NA,NA,FRY
92-05,NA,2,NA,1,NA,NA,NA,1,NA,NA,NA,NA,NA,NA,NA,NA,NA,NA,NA,NA,1,NA,100,500,NA,NA,NA,NA,NA,NA,NA,NA,JACK
92-12,NA,NA,NA,NA,NA,NA,NA,NA,NA,NA,NA,NA,NA,NA,100,NA,NA,NA,NA,NA,NA,NA,NA,NA,NA,NA,NA,NA,NA,NA,NA,NA,DRY
92-06,NA,NA,NA,NA,NA,NA,NA,NA,NA,NA,NA,NA,NA,NA,NA,NA,NA,NA,NA,NA,NA,NA,150,NA,NA,NA,NA,NA,NA,NA,NA,NA,JACK
92-20,NA,NA,NA,NA,NA,NA,NA,NA,NA,NA,0,NA,NA,NA,25,NA,NA,NA,NA,NA,NA,NA,NA,NA,NA,NA,NA,NA,NA,NA,NA,NA,BRUR
93-21,NA,NA,NA,NA,NA,NA,NA,NA,NA,NA,NA,NA,NA,NA,NA,NA,1,NA,NA,NA,NA,NA,NA,NA,NA,NA,NA,NA,6,NA,NA,NA,BRUR
93-22,NA,NA,NA,NA,NA,NA,NA,NA,NA,NA,NA,NA,NA,NA,NA,NA,NA,47,NA,NA,NA,NA,NA,NA,NA,NA,NA,NA,1,NA,NA,NA,BRUR
93-23,NA,NA,NA,NA,NA,NA,NA,NA,NA,NA,NA,NA,NA,NA,NA,NA,NA,1,NA,NA,NA,NA,NA,NA,NA,NA,NA,NA,NA,NA,NA,NA,BRUR
93-15,NA,NA,NA,NA,NA,NA,NA,NA,NA,NA,NA,NA,4,10,NA,NA,NA,NA,NA,NA,NA,9,NA,NA,NA,NA,NA,NA,1,NA,NA,NA,WEENS
93-34,NA,NA,NA,NA,2,NA,NA,NA,NA,0,NA,NA,NA,NA,NA,NA,NA,NA,NA,NA,NA,NA,NA,NA,NA,NA,NA,NA,16,NA,NA,NA,FROG
93-24,NA,NA,NA,NA,NA,NA,NA,NA,83,4,NA,NA,NA,NA,NA,NA,NA,NA,NA,NA,NA,NA,NA,NA,NA,NA,NA,NA,NA,NA,NA,NA,BRUR
93-35,NA,NA,NA,NA,NA,NA,NA,NA,1,NA,NA,5e3,NA,NA,NA,NA,NA,NA,NA,NA,NA,NA,NA,NA,NA,NA,NA,NA,NA,NA,NA,NA,FROG
93-25,NA,NA,NA,NA,NA,NA,NA,NA,NA,NA,NA,5e3,NA,NA,NA,NA,NA,NA,NA,NA,NA,NA,NA,NA,NA,NA,NA,NA,NA,NA,NA,NA,BRUR
93-27,NA,NA,NA,NA,NA,NA,NA,3,NA,NA,5e3,2e4,NA,NA,12,NA,NA,NA,NA,NA,NA,NA,NA,NA,NA,NA,NA,NA,NA,NA,NA,NA,FROG
93-13,NA,NA,NA,NA,NA,NA,NA,NA,NA,NA,NA,NA,NA,NA,300,50,NA,NA,NA,NA,NA,NA,NA,NA,3,NA,20,NA,NA,NA,NA,NA,CAMAS
93-36,NA,NA,NA,NA,NA,NA,NA,NA,NA,NA,5e5,NA,NA,NA,500,NA,NA,NA,NA,NA,NA,NA,NA,NA,NA,NA,NA,NA,NA,NA,NA,NA,FRY
93-16,NA,NA,NA,NA,NA,NA,1,NA,NA,NA,100,NA,NA,NA,500,NA,NA,NA,NA,NA,NA,NA,NA,NA,NA,NA,NA,NA,NA,NA,NA,NA,DRY
93-28,NA,NA,NA,NA,NA,NA,NA,NA,NA,NA,5e3,1e4,NA,NA,NA,NA,NA,NA,NA,NA,NA,NA,NA,NA,NA,NA,NA,NA,NA,NA,NA,NA,FROG
93-03,NA,NA,NA,NA,NA,NA,NA,NA,NA,NA,NA,NA,NA,NA,8,NA,NA,NA,NA,NA,NA,NA,8,NA,1,NA,12,NA,6,NA,NA,NA,CAMAS
93-37,NA,NA,NA,NA,NA,NA,12,NA,NA,NA,500,NA,NA,NA,100,NA,NA,NA,NA,NA,NA,NA,NA,NA,NA,NA,NA,NA,NA,NA,NA,NA,FRY
93-26,NA,NA,NA,NA,NA,NA,NA,NA,NA,NA,3e3,NA,NA,NA,NA,500,NA,NA,8,NA,NA,NA,NA,NA,NA,NA,NA,NA,NA,NA,NA,NA,BRUR
93-18,NA,NA,NA,NA,NA,NA,NA,NA,1,NA,NA,NA,NA,NA,20,NA,NA,NA,NA,NA,6,NA,50,NA,NA,NA,NA,NA,NA,NA,NA,NA,JACK
93-17,NA,NA,NA,NA,NA,NA,NA,NA,NA,NA,NA,NA,NA,NA,9,NA,NA,NA,NA,NA,NA,NA,NA,NA,NA,NA,NA,NA,NA,NA,NA,NA,DRY
93-38,NA,NA,NA,NA,NA,NA,NA,NA,NA,NA,NA,NA,NA,NA,NA,NA,1,NA,NA,NA,NA,NA,2,NA,NA,NA,NA,NA,NA,NA,NA,NA,LCM
94-16,NA,NA,NA,NA,NA,NA,NA,NA,NA,NA,NA,NA,NA,NA,NA,NA,NA,12,NA,NA,NA,NA,NA,NA,NA,NA,NA,NA,NA,NA,NA,NA,BRUR
94-17,NA,NA,NA,NA,NA,NA,NA,NA,NA,NA,NA,NA,NA,NA,NA,NA,NA,29,NA,NA,NA,NA,NA,NA,NA,NA,NA,NA,NA,NA,NA,NA,BRUR
94-18,NA,NA,NA,NA,NA,NA,NA,NA,NA,NA,NA,NA,NA,NA,NA,NA,NA,NA,NA,20,NA,NA,NA,NA,NA,NA,NA,NA,NA,NA,NA,NA,BRUR
94-23,NA,NA,NA,NA,3,NA,NA,NA,NA,0,NA,NA,NA,NA,NA,NA,NA,NA,NA,NA,NA,NA,NA,NA,NA,NA,NA,NA,NA,NA,NA,NA,FROG
94-24,NA,NA,NA,NA,NA,NA,NA,NA,NA,300,NA,7e3,NA,NA,NA,NA,NA,NA,NA,NA,NA,NA,NA,NA,NA,NA,NA,NA,NA,NA,NA,NA,FROG
94-06,NA,NA,NA,NA,NA,NA,NA,NA,NA,NA,NA,NA,NA,NA,NA,NA,NA,NA,NA,NA,NA,NA,NA,NA,1,NA,NA,NA,25,NA,NA,NA,CAMAS
94-25,NA,NA,NA,NA,NA,NA,NA,25,NA,NA,1,5e3,NA,NA,NA,200,NA,NA,NA,NA,NA,NA,NA,NA,NA,NA,NA,NA,NA,NA,NA,NA,FROG
94-07,NA,NA,NA,NA,NA,NA,NA,NA,NA,NA,NA,NA,NA,NA,NA,6,NA,NA,NA,NA,NA,NA,NA,NA,2,NA,NA,NA,12,NA,NA,NA,CAMAS
94-26,NA,NA,NA,NA,NA,NA,NA,NA,NA,NA,NA,2e3,NA,NA,NA,NA,NA,NA,NA,NA,NA,NA,NA,NA,NA,NA,NA,NA,NA,NA,NA,NA,FROG
94-13,NA,12,NA,6,NA,NA,NA,20,NA,NA,1e3,20,NA,NA,NA,NA,NA,NA,NA,NA,16,NA,30,500,NA,NA,NA,NA,10,1,NA,3,JACK
94-28,NA,NA,12,NA,NA,NA,34,NA,NA,NA,300,NA,NA,NA,50,NA,NA,NA,NA,NA,NA,NA,NA,NA,NA,NA,NA,NA,NA,NA,2,NA,FRY
94-14,NA,NA,NA,NA,NA,NA,NA,NA,1,NA,NA,NA,NA,NA,NA,NA,NA,NA,NA,NA,NA,NA,NA,NA,NA,NA,NA,NA,NA,NA,NA,NA,JACK
94-27,NA,NA,NA,NA,NA,NA,NA,NA,NA,NA,800,NA,NA,NA,NA,NA,NA,NA,NA,NA,NA,NA,NA,NA,NA,NA,NA,NA,NA,NA,NA,NA,FROG
94-08,NA,NA,NA,NA,NA,NA,NA,NA,NA,NA,NA,NA,NA,NA,NA,NA,NA,NA,NA,NA,NA,NA,NA,NA,1,NA,8,2,25,NA,NA,NA,CAMAS
94-19,NA,NA,NA,NA,NA,NA,NA,NA,NA,NA,50,NA,NA,NA,NA,NA,NA,NA,NA,NA,NA,NA,NA,NA,NA,NA,NA,NA,NA,NA,NA,NA,BRUR
94-29,NA,NA,NA,NA,NA,NA,NA,NA,NA,NA,30,NA,NA,NA,8,NA,NA,NA,NA,NA,NA,NA,NA,NA,NA,NA,NA,NA,NA,NA,NA,NA,FRY
95-15,NA,NA,NA,NA,NA,NA,NA,NA,NA,NA,NA,NA,1,NA,NA,NA,NA,NA,NA,10,NA,NA,NA,NA,NA,NA,NA,NA,NA,NA,NA,NA,BRUR
95-04,NA,NA,NA,NA,NA,NA,NA,NA,NA,NA,2,NA,40,500,NA,NA,NA,NA,NA,NA,1,8,20,NA,NA,NA,NA,NA,NA,NA,NA,NA,JACK
95-09,NA,2,NA,1,NA,NA,NA,NA,NA,NA,NA,NA,NA,NA,NA,NA,NA,NA,NA,NA,NA,NA,NA,8,NA,NA,NA,NA,6,NA,NA,NA,WEENS
95-20,NA,NA,NA,NA,NA,NA,NA,NA,1,NA,NA,5e3,NA,NA,NA,NA,NA,NA,NA,NA,NA,NA,NA,NA,NA,NA,NA,NA,NA,NA,NA,NA,FROG
95-10,NA,3,NA,10,NA,NA,NA,NA,NA,NA,NA,NA,NA,NA,NA,NA,NA,NA,NA,NA,3,NA,NA,40,NA,NA,NA,NA,25,NA,NA,NA,WEENS
95-21,NA,NA,NA,NA,NA,NA,NA,2,NA,NA,NA,1e4,NA,NA,NA,NA,NA,NA,NA,NA,NA,NA,NA,NA,NA,NA,NA,NA,NA,NA,NA,NA,FROG
95-02,NA,NA,NA,NA,NA,NA,NA,12,NA,NA,NA,NA,NA,NA,NA,800,NA,NA,NA,NA,NA,NA,NA,NA,NA,NA,NA,NA,NA,NA,NA,NA,CAMAS
95-01,NA,NA,NA,NA,NA,NA,NA,NA,NA,NA,NA,2e4,NA,NA,NA,5e3,NA,NA,NA,NA,NA,NA,NA,1,NA,NA,NA,NA,NA,NA,NA,NA,FRY
95-05,NA,NA,NA,NA,NA,NA,NA,NA,NA,NA,NA,NA,NA,NA,NA,20,NA,NA,NA,NA,NA,NA,6,20,NA,NA,NA,NA,2,NA,NA,NA,JACK
95-19,NA,NA,NA,NA,NA,NA,NA,NA,NA,NA,NA,2e4,NA,NA,NA,200,NA,NA,NA,NA,NA,NA,NA,NA,NA,NA,NA,NA,NA,NA,NA,NA,FRY
95-06,NA,2,NA,4,NA,NA,NA,2,NA,NA,5,1,2,NA,6,200,NA,NA,NA,NA,NA,NA,NA,500,NA,NA,NA,NA,10,NA,NA,NA,JACK
95-07,NA,NA,NA,8,NA,NA,NA,NA,NA,NA,NA,NA,2,NA,100,200,NA,NA,NA,NA,1,NA,NA,10,NA,NA,NA,NA,3,NA,NA,NA,JACK
95-16,NA,NA,NA,NA,NA,NA,NA,NA,NA,NA,5e3,600,NA,NA,NA,NA,NA,NA,3,NA,NA,NA,NA,NA,NA,NA,NA,NA,NA,NA,NA,NA,BRUR
95-22,NA,NA,NA,NA,NA,NA,NA,NA,NA,NA,NA,NA,2,NA,1,NA,NA,NA,NA,NA,1,NA,5,NA,NA,NA,NA,NA,2,NA,NA,NA,LCM
95-17,NA,NA,NA,NA,NA,NA,NA,NA,NA,NA,2e3,NA,NA,NA,NA,NA,NA,NA,2,NA,NA,NA,NA,NA,NA,NA,NA,NA,NA,NA,NA,NA,BRUR
96-06,NA,NA,NA,NA,NA,NA,NA,NA,0,NA,NA,NA,NA,NA,NA,NA,NA,NA,NA,NA,NA,NA,NA,NA,NA,NA,NA,NA,NA,NA,NA,NA,BRUR
96-11,NA,NA,NA,NA,NA,NA,NA,NA,NA,0,NA,NA,NA,NA,NA,NA,NA,NA,NA,NA,NA,NA,NA,NA,NA,NA,NA,NA,NA,NA,NA,NA,FROG
96-07,NA,NA,NA,NA,NA,NA,NA,NA,4,1,NA,NA,NA,NA,NA,NA,NA,NA,NA,NA,NA,NA,NA,NA,NA,NA,NA,NA,NA,NA,NA,NA,BRUR
96-08,NA,NA,NA,NA,NA,NA,NA,NA,60,4,NA,NA,NA,NA,NA,NA,NA,NA,NA,NA,NA,NA,NA,NA,NA,NA,NA,NA,NA,NA,NA,NA,BRUR
96-14,NA,NA,NA,NA,NA,NA,NA,NA,NA,NA,3,2e3,NA,NA,NA,500,NA,NA,NA,NA,NA,NA,NA,NA,NA,NA,NA,NA,NA,NA,NA,NA,FRY
96-05,NA,1,NA,NA,NA,NA,NA,NA,NA,NA,NA,200,NA,NA,NA,500,NA,NA,NA,NA,NA,NA,NA,NA,NA,NA,NA,NA,NA,NA,NA,NA,DRY
96-12,NA,NA,NA,NA,NA,NA,NA,NA,NA,NA,NA,1,NA,NA,NA,NA,NA,NA,NA,NA,NA,NA,NA,NA,NA,NA,NA,NA,NA,NA,NA,NA,FROG
96-02,NA,NA,NA,3,NA,NA,NA,1,NA,NA,NA,NA,NA,NA,100,2e3,NA,NA,NA,NA,1,NA,2,NA,3,NA,8,50,50,NA,NA,12,CAMAS
96-15,NA,NA,4,NA,NA,NA,40,NA,2,NA,1300,NA,NA,NA,50,NA,NA,NA,NA,NA,NA,NA,NA,NA,NA,NA,NA,NA,NA,NA,14,NA,FRY
96-03,NA,NA,1,22,NA,NA,NA,NA,4,NA,4,NA,NA,NA,20,NA,NA,NA,NA,NA,12,NA,34,NA,NA,NA,NA,NA,8,NA,NA,NA,JACK
96-13,NA,NA,NA,NA,NA,NA,NA,NA,NA,NA,2e3,NA,NA,NA,NA,NA,NA,NA,NA,NA,NA,NA,NA,NA,NA,NA,NA,NA,NA,NA,NA,NA,FROG
96-16,NA,NA,NA,NA,NA,NA,15,NA,NA,NA,NA,NA,NA,NA,2,NA,NA,NA,NA,NA,NA,NA,NA,NA,NA,NA,NA,NA,NA,NA,3,NA,FRY
96-17,NA,NA,9,NA,NA,NA,42,NA,NA,NA,70,NA,NA,NA,25,NA,NA,NA,NA,NA,NA,NA,NA,NA,NA,NA,NA,NA,NA,NA,26,NA,FRY
96-09,NA,NA,NA,NA,NA,NA,NA,NA,NA,NA,1e3,NA,NA,NA,NA,NA,NA,NA,NA,NA,NA,NA,NA,NA,NA,NA,NA,NA,NA,NA,NA,NA,BRUR
97-23,NA,NA,NA,NA,NA,NA,NA,NA,NA,NA,12,NA,NA,NA,NA,NA,1,19,NA,NA,NA,NA,NA,NA,NA,NA,NA,NA,NA,NA,NA,NA,BRUR
97-24,NA,NA,NA,NA,NA,NA,NA,NA,NA,NA,NA,NA,NA,NA,NA,NA,NA,19,NA,NA,NA,NA,NA,NA,NA,NA,NA,NA,NA,NA,NA,NA,BRUR
97-22,NA,NA,NA,NA,NA,NA,NA,NA,NA,NA,NA,NA,NA,NA,NA,NA,NA,NA,NA,NA,4,1,NA,NA,NA,NA,NA,NA,NA,NA,NA,NA,WEENS
97-27,NA,NA,NA,NA,NA,NA,NA,NA,NA,0,NA,NA,NA,NA,NA,NA,NA,NA,NA,NA,NA,NA,NA,NA,NA,NA,NA,NA,NA,NA,NA,NA,FROG
97-30,NA,NA,NA,NA,NA,NA,NA,NA,2,NA,NA,NA,NA,NA,NA,NA,NA,NA,NA,NA,NA,NA,NA,NA,NA,NA,NA,NA,NA,NA,NA,NA,FRY
97-32,NA,NA,NA,NA,NA,NA,NA,NA,0,0,NA,NA,NA,NA,NA,NA,NA,NA,NA,NA,0,0,NA,NA,NA,NA,NA,NA,NA,NA,NA,NA,DRY
97-25,NA,NA,NA,NA,NA,NA,NA,NA,72,10,NA,NA,NA,NA,NA,NA,NA,NA,1,NA,NA,NA,NA,NA,NA,NA,NA,NA,NA,NA,NA,NA,BRUR
97-31,NA,NA,NA,NA,NA,NA,NA,NA,58,NA,NA,NA,100,200,NA,NA,NA,NA,NA,NA,NA,NA,NA,NA,NA,NA,NA,NA,NA,NA,NA,NA,FRY
97-33,NA,NA,NA,NA,NA,NA,NA,NA,NA,NA,NA,NA,30,12,NA,NA,NA,NA,NA,NA,2,NA,1,NA,NA,NA,NA,NA,NA,NA,NA,NA,LCM
97-19,NA,NA,NA,NA,NA,NA,NA,NA,NA,NA,NA,NA,NA,20,NA,NA,NA,NA,NA,NA,1,5,5,2,NA,NA,NA,NA,4,NA,NA,NA,JACK
97-16,NA,NA,NA,NA,NA,NA,NA,NA,NA,2,NA,200,4,80,NA,NA,NA,NA,NA,NA,NA,2,NA,NA,NA,NA,NA,NA,NA,NA,NA,NA,DRY
97-20,NA,NA,NA,NA,NA,NA,NA,1,NA,NA,NA,10,2,NA,4,200,NA,NA,NA,NA,2,NA,2,50,NA,NA,NA,NA,NA,NA,NA,NA,JACK
97-18,NA,NA,NA,NA,NA,NA,NA,NA,NA,NA,NA,50,NA,NA,NA,2e3,NA,NA,NA,NA,NA,NA,NA,50,NA,NA,NA,NA,NA,NA,NA,NA,DRY
97-21,NA,4,NA,NA,NA,NA,NA,1,1,NA,1,50,10,NA,12,200,NA,NA,NA,NA,5,NA,8,80,NA,NA,NA,NA,5,NA,NA,NA,JACK
97-17,NA,NA,NA,NA,NA,NA,NA,NA,NA,NA,NA,NA,2,NA,6,500,NA,NA,NA,NA,3,NA,NA,NA,2,NA,3,NA,12,NA,NA,NA,CAMAS
97-28,NA,NA,NA,NA,NA,NA,NA,NA,NA,NA,200,NA,NA,NA,NA,NA,NA,NA,NA,NA,NA,NA,NA,NA,NA,NA,NA,NA,NA,NA,NA,NA,FROG
97-29,NA,NA,NA,NA,NA,NA,NA,NA,NA,NA,8,NA,NA,NA,NA,NA,NA,NA,NA,NA,NA,NA,NA,NA,NA,NA,NA,NA,NA,NA,NA,NA,FROG
97-26,NA,NA,NA,NA,NA,NA,NA,NA,NA,NA,1e3,NA,NA,NA,NA,NA,NA,NA,NA,NA,NA,NA,NA,NA,NA,NA,NA,NA,NA,NA,1,NA,BRUR
98-07,NA,NA,NA,NA,NA,NA,NA,NA,NA,NA,NA,NA,NA,NA,NA,NA,NA,8,NA,20,NA,NA,NA,NA,NA,NA,NA,NA,3,NA,NA,NA,BRUR
98-58,NA,NA,NA,NA,NA,NA,NA,NA,NA,NA,NA,NA,1,NA,NA,NA,NA,NA,NA,NA,NA,6,NA,NA,NA,NA,NA,NA,NA,NA,NA,NA,WEENS
98-59,NA,NA,NA,NA,2,NA,NA,NA,NA,0,NA,NA,NA,NA,NA,NA,NA,NA,NA,NA,NA,NA,NA,NA,NA,NA,NA,NA,NA,NA,NA,NA,FROG
98-32,NA,NA,NA,NA,NA,NA,NA,NA,0,NA,NA,NA,NA,NA,NA,NA,NA,NA,NA,NA,NA,NA,NA,NA,NA,NA,NA,NA,NA,NA,NA,NA,BRUR
98-61,NA,NA,NA,NA,NA,NA,NA,NA,NA,5,NA,NA,NA,NA,NA,NA,NA,NA,NA,NA,NA,3,NA,NA,NA,NA,NA,NA,NA,NA,NA,NA,DRY
98-62,NA,NA,NA,NA,NA,NA,NA,NA,NA,40,NA,NA,NA,NA,NA,NA,NA,NA,NA,NA,NA,NA,NA,NA,NA,NA,NA,NA,NA,NA,NA,NA,FROG
98-48,NA,NA,NA,NA,NA,NA,NA,NA,20,NA,NA,NA,NA,NA,NA,NA,NA,NA,NA,NA,NA,NA,NA,NA,NA,NA,NA,NA,NA,NA,NA,NA,BRUR
98-63,NA,NA,NA,NA,NA,NA,NA,NA,NA,NA,1,2e4,NA,NA,NA,NA,NA,NA,NA,NA,NA,NA,NA,NA,NA,NA,NA,NA,NA,NA,NA,NA,FROG
98-65,NA,1,NA,NA,1,NA,NA,NA,NA,NA,1,NA,NA,NA,NA,NA,NA,NA,NA,NA,1,NA,1,320,NA,NA,NA,NA,NA,NA,NA,NA,JACK
98-64,NA,NA,NA,NA,NA,NA,1,NA,NA,NA,NA,200,NA,NA,NA,1200,NA,NA,NA,NA,NA,NA,NA,0,NA,NA,NA,NA,NA,NA,NA,NA,DRY
98-67,NA,NA,3,2,NA,NA,NA,1,NA,NA,400,NA,NA,NA,125,NA,NA,NA,NA,NA,NA,NA,NA,NA,NA,NA,NA,NA,NA,NA,NA,NA,FRY
98-68,NA,NA,NA,2,NA,NA,NA,NA,NA,NA,NA,NA,NA,NA,NA,20,NA,NA,NA,NA,1,NA,NA,21,NA,NA,NA,NA,NA,NA,NA,NA,JACK
98-69,NA,NA,NA,NA,NA,NA,NA,NA,NA,NA,4e3,10,NA,NA,NA,NA,NA,NA,NA,NA,NA,NA,NA,NA,NA,NA,NA,NA,NA,NA,NA,NA,FROG
98-56,NA,NA,NA,NA,NA,NA,NA,NA,NA,NA,1e4,9e3,NA,NA,NA,NA,NA,NA,NA,NA,NA,NA,NA,NA,NA,NA,NA,NA,NA,NA,NA,1,BRUR
98-70,NA,NA,NA,1,NA,NA,NA,NA,NA,NA,5e3,NA,NA,NA,NA,NA,NA,NA,NA,NA,NA,NA,NA,NA,NA,NA,NA,NA,NA,NA,NA,NA,FROG
98-78,NA,NA,NA,NA,NA,NA,NA,NA,NA,NA,NA,NA,NA,NA,NA,NA,NA,NA,NA,NA,2,NA,NA,NA,NA,NA,NA,NA,NA,NA,NA,NA,LCM
99-59,NA,NA,NA,NA,NA,NA,NA,NA,NA,NA,NA,NA,1,NA,NA,NA,NA,NA,NA,NA,NA,NA,NA,NA,0,0,NA,NA,4,NA,NA,NA,CAMAS
99-62,NA,NA,NA,NA,NA,NA,NA,NA,NA,NA,11,NA,NA,NA,NA,NA,NA,8,NA,NA,NA,NA,NA,NA,NA,NA,NA,NA,NA,NA,NA,NA,BRUR
99-63,NA,NA,NA,NA,NA,NA,NA,NA,NA,NA,NA,NA,25,NA,NA,NA,NA,NA,NA,NA,NA,NA,NA,NA,1,38,NA,NA,6,NA,NA,NA,CAMAS
99-64,NA,NA,NA,NA,NA,NA,NA,NA,NA,NA,10,NA,NA,NA,NA,NA,NA,8,NA,NA,NA,NA,NA,NA,NA,NA,NA,NA,NA,NA,NA,NA,BRUR
99-66,NA,NA,NA,NA,NA,NA,NA,NA,NA,NA,NA,NA,6,NA,NA,NA,NA,NA,NA,NA,NA,NA,NA,NA,NA,NA,NA,NA,NA,NA,NA,NA,BRUR
99-67,NA,NA,NA,NA,NA,NA,NA,NA,NA,NA,NA,NA,NA,NA,NA,NA,NA,NA,NA,NA,NA,3,NA,200,NA,NA,NA,NA,NA,NA,NA,NA,WEENS
99-70,NA,5,NA,NA,NA,NA,NA,NA,NA,NA,NA,NA,NA,NA,NA,NA,NA,NA,NA,NA,NA,NA,1,50,NA,NA,NA,NA,4,NA,NA,NA,WEENS
99-69,NA,NA,NA,NA,1,NA,NA,NA,190,6,NA,NA,NA,NA,NA,NA,NA,NA,NA,NA,NA,NA,NA,NA,NA,NA,NA,NA,NA,NA,NA,NA,FROG
99-75,NA,NA,NA,NA,NA,NA,NA,NA,1,NA,NA,NA,NA,NA,NA,NA,NA,NA,NA,NA,NA,NA,NA,NA,NA,NA,NA,NA,NA,NA,NA,NA,WEENS
99-78,NA,NA,NA,NA,NA,NA,NA,3,NA,NA,5e3,1e4,NA,NA,NA,NA,NA,NA,NA,NA,NA,NA,NA,NA,NA,NA,NA,NA,NA,NA,NA,5,FROG
99-95,NA,NA,NA,NA,NA,NA,NA,NA,2,NA,85,NA,NA,NA,NA,NA,NA,NA,13,NA,NA,NA,NA,NA,NA,NA,NA,NA,NA,NA,NA,NA,BRUR
00-03,NA,1,NA,NA,NA,NA,NA,NA,NA,NA,NA,NA,NA,NA,NA,NA,NA,40,NA,NA,NA,NA,NA,NA,NA,NA,NA,NA,NA,NA,NA,NA,BRUR
00-07,NA,NA,NA,NA,NA,NA,NA,NA,NA,NA,NA,NA,NA,NA,NA,NA,NA,NA,NA,20,NA,NA,NA,NA,NA,NA,NA,NA,NA,NA,NA,NA,BRUR
00-08,NA,7,NA,NA,NA,NA,NA,NA,NA,NA,NA,NA,2,3,NA,NA,NA,NA,NA,NA,1,NA,2,100,NA,NA,NA,NA,1,NA,NA,NA,WEENS
00-09,NA,NA,NA,NA,1,NA,NA,NA,NA,0,NA,NA,NA,NA,NA,NA,NA,NA,NA,NA,NA,NA,NA,NA,NA,NA,NA,NA,NA,NA,NA,NA,FROG
00-12,NA,NA,NA,NA,NA,NA,NA,NA,NA,50,NA,NA,NA,NA,NA,NA,NA,NA,NA,NA,NA,NA,NA,NA,NA,NA,NA,NA,NA,NA,NA,NA,FROG
00-49,NA,NA,NA,NA,NA,NA,NA,NA,NA,NA,4,5,5,NA,20,500,NA,NA,NA,NA,NA,NA,3,60,NA,NA,NA,NA,6,NA,NA,NA,JACK
00-48,NA,NA,NA,NA,NA,NA,NA,NA,NA,NA,6,500,NA,NA,50,500,NA,NA,NA,NA,NA,NA,4,50,NA,NA,NA,NA,NA,NA,NA,NA,DRY
00-22,NA,1,NA,NA,NA,NA,10,NA,NA,NA,100,NA,NA,NA,3e3,NA,NA,NA,NA,NA,NA,NA,1,NA,NA,NA,NA,NA,3,NA,1,NA,FRY
00-21,NA,NA,NA,NA,NA,NA,NA,NA,NA,NA,2e3,150,NA,NA,1,NA,NA,NA,NA,NA,NA,NA,NA,NA,NA,NA,NA,NA,NA,NA,NA,NA,FROG
01-10,NA,NA,NA,NA,NA,NA,NA,NA,NA,NA,NA,NA,NA,NA,NA,NA,NA,0,NA,NA,NA,NA,NA,NA,NA,NA,NA,NA,NA,NA,NA,NA,BRUR
01-12,NA,1,NA,NA,NA,NA,NA,NA,NA,NA,NA,NA,2,NA,NA,NA,NA,NA,NA,NA,1,8,NA,NA,NA,NA,NA,NA,5,NA,NA,NA,WEENS
01-14,NA,NA,NA,NA,NA,NA,NA,NA,NA,0,NA,NA,NA,NA,NA,NA,NA,NA,NA,NA,NA,NA,NA,NA,NA,NA,NA,NA,NA,NA,NA,NA,FROG
01-52,NA,4,NA,NA,NA,NA,NA,1,NA,NA,NA,NA,30,5e3,NA,NA,NA,NA,NA,NA,1,36,1,NA,NA,NA,NA,NA,3,NA,NA,NA,JACK
01-51,NA,NA,NA,NA,NA,NA,NA,NA,NA,7,NA,5e3,NA,1e3,NA,NA,NA,NA,NA,NA,NA,NA,NA,NA,NA,NA,NA,NA,NA,NA,NA,NA,DRY
01-15,NA,NA,NA,NA,NA,NA,NA,NA,NA,NA,5,2e3,NA,NA,NA,NA,NA,NA,NA,NA,NA,NA,NA,NA,NA,NA,NA,NA,NA,NA,NA,NA,FROG
01-38,NA,NA,NA,NA,NA,NA,NA,NA,NA,NA,NA,2e3,NA,NA,NA,300,NA,NA,NA,NA,NA,NA,NA,NA,NA,NA,NA,NA,NA,NA,NA,NA,FRY
01-19,NA,NA,NA,NA,NA,NA,NA,NA,NA,NA,NA,NA,NA,NA,NA,NA,NA,NA,NA,NA,2,NA,NA,NA,NA,NA,NA,NA,NA,NA,NA,NA,LCM
01-22,NA,NA,1,NA,NA,NA,6,NA,NA,NA,1e4,NA,NA,NA,1e4,NA,NA,NA,NA,NA,NA,NA,NA,NA,NA,NA,NA,NA,NA,NA,NA,NA,FRY
01-21,NA,NA,NA,8,NA,NA,NA,NA,1,NA,NA,NA,NA,NA,5,NA,NA,NA,NA,NA,NA,NA,20,75,NA,NA,NA,NA,5,NA,NA,NA,JACK
01-20,NA,NA,NA,NA,NA,NA,NA,NA,NA,NA,4,NA,NA,NA,25,NA,NA,NA,NA,NA,NA,NA,NA,NA,NA,NA,NA,NA,NA,NA,NA,NA,DRY
01-44,NA,NA,NA,3,NA,NA,NA,NA,NA,NA,NA,1e4,NA,NA,NA,NA,NA,NA,1,NA,NA,NA,NA,NA,NA,NA,NA,NA,NA,NA,NA,5,BRUR
01-24,NA,NA,NA,NA,NA,NA,NA,NA,NA,NA,30,NA,NA,NA,50,NA,NA,NA,NA,NA,NA,NA,NA,NA,NA,NA,NA,NA,NA,NA,NA,NA,FRY
01-25,NA,NA,NA,NA,NA,NA,NA,NA,NA,NA,NA,NA,NA,NA,10,NA,NA,NA,NA,NA,NA,NA,NA,NA,NA,NA,NA,NA,NA,NA,NA,NA,DRY
01-27,NA,NA,NA,NA,NA,NA,NA,NA,NA,NA,100,NA,NA,NA,NA,NA,NA,NA,NA,NA,NA,NA,NA,NA,NA,NA,NA,NA,NA,NA,NA,NA,BRUR
02-01,NA,1,NA,NA,NA,NA,NA,NA,NA,NA,NA,NA,NA,NA,NA,NA,1,68,NA,NA,NA,NA,NA,NA,NA,NA,NA,NA,NA,NA,NA,NA,BRUR
02-02,NA,NA,NA,NA,NA,NA,NA,NA,NA,NA,NA,NA,NA,NA,NA,NA,NA,64,NA,NA,NA,NA,NA,NA,NA,NA,NA,NA,NA,NA,NA,NA,BRUR
02-03,NA,NA,NA,NA,NA,NA,NA,NA,NA,NA,NA,NA,NA,NA,NA,NA,NA,NA,NA,NA,4,NA,NA,NA,NA,NA,NA,NA,NA,NA,NA,NA,WEENS
02-04,NA,NA,NA,NA,NA,NA,NA,NA,NA,0,NA,NA,NA,NA,NA,NA,NA,NA,NA,NA,NA,NA,NA,NA,NA,NA,NA,NA,NA,NA,NA,NA,FROG
02-07,NA,NA,NA,NA,NA,NA,NA,NA,NA,NA,NA,NA,NA,NA,NA,NA,NA,NA,NA,NA,NA,8,NA,NA,NA,NA,NA,NA,NA,NA,NA,NA,WEENS
02-08,NA,NA,NA,NA,NA,NA,NA,NA,1,NA,NA,NA,NA,NA,NA,NA,NA,NA,NA,NA,NA,NA,NA,NA,NA,NA,NA,NA,NA,NA,NA,NA,FROG
02-09,NA,NA,NA,NA,NA,NA,NA,NA,9,0,NA,NA,NA,NA,NA,NA,NA,NA,NA,NA,NA,NA,NA,NA,NA,NA,NA,NA,NA,NA,NA,NA,FROG
02-11,NA,2,NA,NA,NA,NA,NA,NA,NA,NA,NA,NA,1,100,NA,NA,NA,NA,NA,NA,NA,21,NA,20,NA,NA,NA,NA,NA,NA,NA,NA,JACK
02-10,NA,NA,NA,NA,NA,NA,NA,NA,NA,1,NA,200,5,100,NA,NA,NA,NA,NA,NA,NA,2,NA,NA,NA,NA,NA,NA,NA,NA,NA,NA,DRY
02-21,NA,NA,NA,NA,NA,NA,NA,NA,NA,NA,NA,500,NA,NA,NA,NA,NA,NA,NA,NA,NA,NA,NA,NA,NA,NA,NA,NA,NA,NA,NA,NA,FROG
02-30,NA,5,NA,NA,NA,NA,NA,NA,NA,NA,1e4,1e3,NA,NA,1e3,100,NA,NA,NA,NA,NA,NA,NA,NA,NA,NA,NA,NA,NA,NA,NA,NA,FRY
02-29,NA,1,NA,NA,NA,NA,NA,NA,NA,NA,NA,NA,NA,NA,20,NA,NA,NA,NA,NA,NA,NA,NA,10,NA,NA,NA,NA,NA,NA,NA,NA,JACK
02-28,NA,NA,NA,NA,NA,NA,NA,NA,NA,NA,100,NA,NA,NA,500,40,NA,NA,NA,NA,NA,NA,NA,NA,NA,NA,NA,NA,NA,NA,NA,NA,DRY
02-31,NA,NA,NA,NA,NA,NA,1,NA,NA,NA,2e3,NA,NA,NA,1e3,NA,NA,NA,NA,NA,NA,NA,NA,NA,NA,NA,NA,NA,NA,NA,NA,NA,FRY
02-32,NA,NA,NA,NA,NA,NA,1,NA,NA,NA,1e3,NA,NA,NA,3,NA,NA,NA,NA,NA,NA,NA,NA,NA,NA,NA,NA,NA,1,NA,1,NA,FROG
02-33,NA,NA,NA,NA,NA,NA,NA,NA,NA,NA,NA,NA,NA,NA,NA,NA,1,NA,NA,NA,NA,NA,1,NA,NA,NA,NA,NA,NA,NA,NA,NA,LCM
02-35,NA,NA,NA,NA,NA,NA,NA,NA,NA,NA,50,NA,NA,NA,60,NA,NA,NA,NA,NA,NA,NA,NA,NA,NA,NA,NA,NA,NA,NA,NA,NA,FRY
02-34,NA,NA,NA,NA,NA,NA,NA,NA,NA,NA,25,NA,NA,NA,NA,NA,NA,NA,NA,NA,NA,NA,NA,NA,NA,NA,NA,NA,NA,NA,NA,NA,BRUR
03-07,NA,3,NA,NA,NA,NA,NA,NA,NA,NA,NA,NA,NA,NA,NA,NA,NA,53,NA,NA,NA,NA,NA,NA,NA,NA,NA,NA,15,NA,NA,NA,BRUR
03-10,NA,NA,NA,NA,NA,NA,NA,NA,NA,NA,NA,NA,NA,NA,NA,NA,NA,NA,NA,NA,NA,7,NA,NA,NA,NA,NA,NA,NA,NA,NA,NA,WEENS
03-13,NA,NA,NA,NA,NA,NA,NA,NA,NA,NA,NA,NA,NA,NA,NA,NA,NA,1,NA,15,NA,NA,NA,NA,NA,NA,NA,NA,NA,NA,NA,NA,BRUR
03-15,NA,NA,NA,NA,NA,NA,NA,NA,NA,NA,NA,NA,1,NA,5,NA,NA,NA,NA,NA,1,NA,4,NA,NA,NA,NA,NA,NA,NA,NA,NA,LCM
03-16,NA,NA,NA,NA,NA,NA,NA,NA,0,NA,NA,NA,NA,NA,NA,NA,NA,NA,NA,NA,NA,NA,NA,NA,NA,NA,NA,NA,NA,NA,NA,NA,BRUR
03-20,NA,NA,NA,NA,NA,NA,NA,NA,15,NA,NA,NA,NA,NA,NA,NA,NA,NA,NA,NA,NA,NA,NA,NA,NA,NA,NA,NA,NA,NA,NA,NA,BRUR
03-56,NA,NA,NA,NA,NA,NA,NA,NA,NA,NA,NA,NA,NA,NA,NA,NA,NA,NA,NA,NA,NA,NA,NA,30,NA,NA,NA,NA,1,NA,NA,NA,WEENS
03-22,NA,NA,NA,NA,NA,NA,NA,NA,30,20,NA,NA,NA,NA,NA,NA,NA,NA,NA,1,NA,NA,NA,NA,NA,NA,NA,NA,2,NA,NA,NA,BRUR
03-24,NA,NA,NA,NA,NA,NA,NA,NA,NA,NA,NA,NA,1,NA,NA,200,NA,NA,NA,NA,NA,NA,NA,50,NA,NA,NA,NA,NA,NA,NA,NA,JACK
03-23,NA,NA,NA,NA,NA,NA,NA,NA,NA,NA,NA,250,NA,NA,NA,100,NA,NA,NA,NA,NA,NA,NA,1,NA,NA,NA,NA,NA,NA,NA,NA,DRY
03-28,NA,NA,NA,NA,NA,NA,NA,NA,NA,NA,4e3,NA,NA,NA,50,NA,NA,NA,NA,NA,NA,NA,NA,NA,NA,NA,NA,NA,NA,NA,NA,NA,FRY
03-27,NA,NA,NA,NA,NA,NA,NA,3,NA,NA,NA,NA,NA,NA,25,25,NA,NA,NA,NA,2,NA,5,500,NA,NA,NA,NA,NA,NA,NA,NA,JACK
03-26,NA,NA,NA,NA,NA,NA,NA,NA,NA,NA,8,NA,NA,NA,4,NA,NA,NA,NA,NA,NA,NA,NA,NA,NA,NA,NA,NA,NA,NA,NA,NA,DRY
03-31,NA,NA,NA,NA,NA,NA,NA,NA,NA,NA,13,2500,NA,NA,NA,NA,NA,NA,NA,NA,NA,NA,NA,NA,NA,NA,NA,NA,NA,NA,NA,NA,BRUR
03-33,NA,NA,NA,NA,NA,NA,NA,1,NA,NA,NA,NA,NA,NA,6,5,NA,NA,NA,NA,2,NA,20,5,NA,NA,NA,NA,NA,NA,NA,NA,JACK
03-32,NA,NA,NA,NA,NA,NA,NA,NA,NA,NA,0,NA,NA,NA,1,NA,NA,NA,NA,NA,NA,NA,NA,NA,NA,NA,NA,NA,NA,NA,NA,NA,DRY
03-35,NA,NA,NA,NA,NA,NA,13,NA,NA,NA,250,NA,NA,NA,200,NA,NA,NA,NA,NA,NA,NA,NA,NA,NA,NA,NA,NA,NA,NA,NA,NA,FRY
03-36,NA,NA,NA,NA,NA,NA,NA,NA,NA,NA,NA,NA,NA,NA,2,NA,NA,NA,NA,NA,NA,NA,1,NA,2,NA,6,1,NA,NA,NA,1,CAMAS
03-37,NA,NA,NA,NA,NA,NA,11,NA,NA,NA,500,NA,NA,NA,1e3,NA,NA,NA,NA,NA,NA,NA,NA,NA,NA,NA,NA,NA,NA,NA,1,NA,FRY
03-41,NA,NA,NA,NA,NA,NA,NA,NA,NA,NA,NA,NA,1,NA,NA,NA,1,NA,3,NA,NA,NA,NA,NA,NA,NA,NA,NA,2,NA,NA,NA,LCM
03-55,NA,NA,NA,NA,NA,NA,NA,NA,NA,NA,0,NA,NA,NA,NA,NA,NA,NA,NA,NA,NA,NA,NA,NA,NA,NA,NA,NA,NA,NA,NA,NA,BRUR
03-58,NA,NA,NA,NA,NA,NA,NA,NA,NA,NA,NA,NA,2,NA,NA,NA,NA,NA,NA,NA,NA,NA,NA,NA,NA,NA,NA,NA,NA,NA,NA,NA,LCM
04-03,NA,NA,NA,NA,NA,NA,NA,NA,NA,NA,NA,NA,NA,NA,NA,NA,NA,21,NA,NA,NA,NA,NA,NA,NA,NA,NA,NA,NA,NA,NA,NA,BRUR
04-05,NA,NA,NA,NA,NA,NA,NA,NA,NA,NA,NA,NA,NA,NA,NA,NA,NA,23,NA,NA,NA,NA,NA,NA,NA,NA,NA,NA,1,NA,NA,NA,BRUR
04-06,NA,NA,NA,NA,NA,NA,NA,NA,NA,NA,NA,NA,NA,25,NA,NA,NA,NA,NA,NA,NA,NA,NA,NA,NA,7,NA,NA,12,NA,NA,NA,CAMAS
04-20,NA,NA,NA,NA,NA,NA,NA,NA,2,NA,NA,NA,NA,NA,NA,NA,NA,NA,NA,NA,NA,NA,NA,NA,NA,NA,NA,NA,1,NA,NA,NA,BRUR
04-21,NA,NA,NA,NA,NA,NA,NA,NA,0,NA,NA,NA,NA,NA,NA,NA,NA,NA,NA,NA,NA,NA,NA,NA,NA,NA,NA,NA,NA,NA,NA,NA,BRUR
04-07,NA,NA,NA,NA,NA,NA,NA,NA,35,0,NA,NA,NA,NA,NA,NA,NA,NA,NA,NA,NA,NA,NA,NA,NA,NA,NA,NA,NA,NA,NA,NA,FROG
04-22,NA,1,NA,NA,NA,NA,NA,NA,3,2,NA,15,NA,100,NA,NA,NA,NA,NA,NA,NA,13,NA,NA,NA,NA,NA,NA,NA,NA,NA,NA,FRY
04-24,NA,NA,NA,NA,NA,NA,NA,NA,NA,NA,NA,NA,NA,50,NA,NA,NA,NA,NA,NA,NA,10,NA,50,NA,NA,NA,NA,1,NA,NA,NA,JACK
04-23,NA,NA,NA,NA,NA,NA,NA,NA,NA,15,NA,5e3,NA,2e3,NA,NA,NA,NA,NA,NA,NA,0,NA,NA,NA,NA,NA,NA,NA,NA,NA,NA,DRY
04-25,NA,NA,NA,NA,NA,NA,NA,NA,NA,NA,NA,1e4,NA,200,NA,NA,NA,NA,NA,NA,NA,NA,NA,NA,NA,NA,NA,NA,12,NA,NA,NA,FROG
04-27,NA,NA,NA,NA,NA,NA,NA,NA,7,NA,NA,NA,NA,NA,NA,NA,NA,NA,NA,NA,NA,NA,NA,NA,NA,NA,NA,NA,NA,NA,NA,NA,BRUR
04-29,NA,NA,NA,NA,NA,NA,NA,NA,14,NA,NA,20,NA,NA,NA,NA,NA,NA,NA,NA,NA,NA,NA,NA,NA,NA,NA,NA,NA,NA,NA,NA,BRUR
04-10,NA,2,NA,NA,NA,NA,NA,1,1,NA,NA,67e3,2,NA,NA,5500,NA,NA,NA,NA,NA,2,NA,100,NA,NA,NA,NA,NA,NA,NA,NA,FRY
04-12,NA,NA,NA,NA,NA,NA,NA,NA,NA,NA,6,6,NA,NA,NA,NA,NA,NA,NA,NA,NA,NA,6,100,NA,NA,NA,NA,NA,NA,NA,NA,JACK
04-11,NA,NA,NA,NA,NA,NA,NA,NA,NA,NA,1,800,NA,NA,NA,1e4,NA,NA,NA,NA,NA,NA,NA,30,NA,NA,NA,NA,NA,NA,NA,NA,DRY
04-13,NA,NA,NA,NA,NA,NA,NA,NA,NA,NA,NA,59e3,NA,NA,NA,NA,NA,NA,NA,NA,NA,NA,NA,NA,NA,NA,NA,NA,NA,NA,NA,NA,FROG
04-33,NA,16,NA,1,NA,NA,NA,NA,NA,NA,NA,NA,NA,NA,NA,200,NA,NA,NA,NA,2,NA,NA,25,NA,NA,NA,NA,3,NA,NA,NA,WEENS
04-35,NA,NA,NA,NA,NA,NA,NA,NA,NA,NA,NA,300,NA,NA,NA,NA,NA,NA,NA,NA,NA,NA,NA,NA,NA,NA,NA,NA,NA,NA,NA,NA,BRUR
04-19,NA,NA,NA,NA,NA,NA,NA,NA,NA,NA,5e3,200,NA,NA,NA,NA,NA,NA,NA,NA,NA,NA,NA,NA,NA,NA,NA,NA,NA,NA,NA,NA,FROG
04-41,NA,NA,NA,NA,NA,NA,43,NA,NA,NA,1500,6,NA,NA,700,NA,NA,NA,NA,NA,NA,NA,NA,NA,NA,NA,NA,NA,NA,NA,NA,NA,FRY
04-39,NA,NA,NA,NA,NA,NA,NA,NA,NA,NA,1,NA,1,NA,2,NA,NA,NA,NA,NA,NA,NA,3,10,NA,NA,NA,NA,NA,NA,NA,NA,JACK
04-38,NA,NA,NA,NA,NA,NA,NA,NA,NA,NA,0,NA,NA,NA,NA,NA,NA,NA,NA,NA,NA,NA,NA,NA,NA,NA,NA,NA,NA,NA,NA,NA,DRY
04-40,NA,NA,NA,NA,NA,NA,NA,NA,NA,NA,NA,NA,NA,NA,NA,NA,NA,NA,1,NA,NA,NA,0,NA,NA,NA,NA,NA,NA,NA,NA,NA,LCM
04-42,NA,NA,NA,NA,NA,NA,NA,NA,NA,NA,300,NA,NA,NA,100,NA,NA,NA,NA,NA,NA,NA,NA,NA,NA,NA,NA,NA,NA,NA,NA,NA,FRY
05-07,NA,NA,NA,NA,NA,NA,NA,NA,NA,NA,NA,NA,NA,NA,NA,NA,NA,NA,NA,NA,2,NA,NA,NA,NA,NA,NA,NA,1,NA,NA,NA,WEENS
05-10,NA,NA,NA,NA,NA,NA,NA,NA,NA,NA,NA,NA,NA,NA,NA,NA,NA,NA,NA,NA,3,29,NA,NA,NA,NA,NA,NA,NA,NA,NA,NA,WEENS
05-09,NA,NA,NA,NA,NA,NA,NA,NA,NA,NA,NA,NA,NA,150,NA,NA,NA,NA,NA,NA,NA,NA,NA,NA,1,22,NA,NA,1,NA,NA,NA,CAMAS
05-11,NA,7,NA,NA,NA,NA,NA,NA,NA,NA,NA,NA,NA,NA,NA,NA,NA,44,NA,1,NA,NA,NA,NA,NA,NA,NA,NA,16,NA,NA,NA,BRUR
05-14,NA,NA,NA,NA,NA,NA,NA,NA,80,41,NA,NA,NA,NA,NA,NA,NA,NA,NA,NA,NA,NA,NA,NA,NA,NA,NA,NA,NA,NA,NA,NA,FROG
05-13,NA,NA,NA,NA,NA,NA,NA,2,NA,NA,NA,NA,6,200,NA,NA,NA,NA,NA,NA,NA,NA,NA,NA,NA,2,2,65,10,NA,NA,NA,CAMAS
05-15,NA,NA,NA,NA,NA,NA,NA,NA,NA,NA,NA,NA,NA,NA,NA,NA,NA,NA,1,NA,NA,NA,NA,NA,NA,NA,NA,NA,NA,NA,NA,NA,BRUR
05-17,NA,NA,NA,NA,NA,NA,NA,NA,66,69,NA,NA,NA,NA,NA,NA,NA,NA,NA,NA,NA,NA,NA,NA,NA,NA,NA,NA,1,NA,NA,NA,FROG
05-21,NA,1,NA,NA,1,NA,NA,NA,7,12,1,NA,14,1e3,1,NA,NA,NA,NA,NA,NA,10,NA,NA,NA,NA,NA,NA,1,NA,NA,NA,FRY
05-20,NA,NA,NA,NA,NA,NA,NA,NA,NA,NA,NA,NA,NA,1e3,NA,NA,NA,NA,NA,NA,NA,18,2,NA,NA,NA,NA,NA,1,NA,NA,NA,JACK
05-19,NA,NA,NA,NA,NA,NA,NA,NA,NA,10,NA,NA,NA,1e3,NA,NA,NA,NA,NA,NA,NA,NA,NA,NA,NA,NA,NA,NA,NA,NA,NA,NA,DRY
05-22,NA,NA,NA,NA,NA,1,NA,NA,1,4,NA,2e4,NA,NA,NA,NA,NA,NA,NA,NA,NA,NA,NA,NA,NA,NA,NA,NA,NA,NA,NA,NA,FROG
05-32,NA,NA,NA,NA,NA,NA,NA,NA,NA,NA,NA,1e5,NA,NA,NA,100,NA,NA,NA,NA,NA,NA,NA,100,NA,NA,NA,NA,NA,NA,NA,NA,FRY
05-31,NA,NA,NA,NA,NA,NA,NA,NA,NA,NA,NA,NA,NA,NA,NA,200,NA,NA,NA,NA,1,NA,2,75,NA,NA,NA,NA,NA,NA,NA,NA,JACK
05-30,NA,NA,NA,NA,NA,NA,NA,NA,NA,NA,NA,2e3,NA,NA,NA,1e3,NA,NA,NA,NA,NA,NA,NA,NA,NA,NA,NA,NA,NA,NA,NA,NA,DRY
05-34,NA,NA,NA,NA,NA,NA,NA,2,NA,NA,NA,15350,NA,NA,NA,NA,NA,NA,NA,NA,NA,NA,NA,NA,NA,NA,NA,NA,NA,NA,NA,NA,FROG
05-37,NA,NA,NA,NA,NA,NA,NA,NA,6,NA,NA,NA,NA,NA,NA,NA,NA,NA,NA,NA,NA,NA,NA,NA,NA,NA,NA,NA,NA,NA,NA,NA,BRUR
05-42,NA,NA,NA,NA,NA,NA,NA,NA,NA,NA,1,NA,NA,NA,NA,NA,NA,NA,NA,NA,6,NA,17,15,NA,NA,NA,NA,NA,NA,NA,NA,JACK
05-53,NA,NA,NA,NA,NA,NA,NA,NA,NA,NA,1e4,NA,NA,NA,12,NA,NA,NA,NA,NA,NA,NA,NA,NA,NA,NA,NA,NA,NA,NA,NA,NA,FRY
05-52,NA,NA,NA,NA,NA,NA,NA,NA,NA,NA,NA,NA,NA,NA,1,NA,NA,NA,NA,NA,NA,NA,NA,NA,NA,NA,NA,NA,NA,NA,NA,NA,CAMAS
05-56,NA,NA,NA,NA,NA,NA,NA,NA,NA,NA,20,NA,NA,NA,NA,NA,NA,NA,NA,NA,NA,NA,NA,NA,NA,NA,NA,NA,NA,NA,NA,NA,FRY
05-55,NA,NA,NA,7,NA,NA,NA,NA,NA,NA,NA,NA,NA,NA,NA,NA,NA,NA,NA,NA,NA,NA,1,NA,NA,NA,NA,NA,NA,NA,NA,NA,JACK
06-08,NA,1,NA,NA,NA,NA,NA,NA,NA,NA,NA,NA,NA,NA,NA,NA,NA,28,NA,10,NA,NA,NA,NA,NA,NA,NA,NA,NA,NA,NA,NA,BRUR
06-10,NA,2,NA,NA,NA,NA,NA,NA,NA,NA,NA,NA,NA,NA,NA,NA,NA,68,NA,NA,NA,NA,NA,NA,NA,NA,NA,NA,NA,NA,NA,NA,BRUR
06-14,NA,NA,NA,NA,NA,NA,NA,NA,NA,NA,NA,NA,5,30,NA,NA,NA,NA,NA,NA,NA,NA,NA,NA,NA,21,NA,NA,17,NA,NA,NA,CAMAS
06-15,NA,NA,NA,NA,NA,NA,NA,NA,NA,NA,NA,NA,NA,NA,NA,NA,1,20,NA,NA,NA,NA,NA,NA,NA,NA,NA,NA,2,NA,NA,NA,BRUR
06-16,NA,NA,NA,NA,NA,NA,NA,NA,1,NA,NA,NA,NA,NA,NA,NA,NA,NA,NA,NA,NA,NA,NA,NA,NA,NA,NA,NA,NA,NA,NA,NA,BRUR
06-17,NA,NA,NA,NA,NA,NA,NA,NA,NA,NA,NA,NA,NA,1e3,NA,NA,NA,NA,NA,NA,NA,NA,NA,NA,NA,23,NA,NA,NA,NA,NA,NA,CAMAS
06-19,NA,NA,NA,NA,NA,NA,NA,NA,NA,NA,NA,NA,6,NA,NA,NA,NA,NA,NA,NA,NA,12,NA,NA,NA,NA,NA,NA,NA,NA,NA,NA,WEENS
06-24,1,30,NA,1,NA,2,NA,NA,NA,NA,NA,NA,5,NA,NA,NA,NA,NA,NA,NA,4,39,2,800,NA,NA,NA,NA,2,NA,NA,NA,WEENS
06-22,NA,NA,NA,NA,NA,NA,NA,NA,4,NA,NA,NA,NA,NA,NA,NA,NA,NA,NA,NA,NA,NA,NA,NA,NA,NA,NA,NA,16,NA,NA,NA,FROG
06-25,NA,NA,NA,NA,1,NA,NA,NA,11,NA,NA,NA,NA,NA,NA,NA,NA,NA,NA,NA,NA,NA,NA,NA,NA,NA,NA,NA,8,NA,NA,NA,FROG
06-27,NA,NA,NA,NA,NA,NA,NA,NA,24,NA,NA,NA,NA,NA,NA,NA,NA,NA,NA,NA,NA,NA,NA,NA,NA,NA,NA,NA,NA,NA,NA,NA,BRUR
06-28,NA,NA,NA,NA,NA,NA,NA,NA,36,12,NA,NA,NA,NA,NA,NA,NA,NA,NA,NA,NA,NA,NA,NA,NA,NA,NA,NA,NA,NA,NA,NA,FROG
06-30,NA,NA,NA,NA,NA,NA,NA,NA,NA,2,NA,NA,NA,6,NA,NA,NA,NA,NA,NA,NA,NA,NA,NA,NA,NA,NA,NA,NA,NA,NA,NA,DRY
06-31,NA,NA,NA,NA,NA,NA,NA,NA,10,10,NA,1e4,NA,NA,NA,NA,NA,NA,NA,NA,NA,NA,NA,NA,NA,NA,NA,NA,NA,NA,NA,NA,FROG
06-39,NA,NA,NA,NA,NA,NA,NA,NA,NA,NA,NA,NA,NA,NA,NA,NA,NA,NA,NA,NA,NA,NA,NA,100,NA,NA,NA,NA,NA,NA,NA,NA,JACK
06-38,NA,NA,NA,NA,NA,NA,NA,NA,NA,NA,NA,6,NA,NA,NA,NA,NA,NA,NA,NA,NA,NA,NA,NA,NA,NA,NA,NA,NA,NA,NA,NA,DRY
06-40,NA,NA,NA,NA,NA,NA,NA,NA,NA,NA,NA,NA,NA,NA,NA,1e4,NA,NA,NA,NA,1,NA,NA,50,NA,NA,NA,NA,1,NA,NA,NA,LCM
06-44,NA,NA,NA,NA,NA,NA,NA,NA,NA,NA,NA,1e4,NA,NA,NA,50,NA,NA,NA,NA,NA,NA,NA,15,NA,NA,NA,NA,NA,NA,NA,NA,FRY
06-43,NA,NA,NA,NA,NA,NA,NA,NA,NA,NA,NA,NA,NA,NA,10,NA,NA,NA,NA,NA,NA,NA,NA,NA,NA,NA,NA,8,4,NA,NA,NA,CAMAS
06-46,NA,NA,NA,NA,NA,NA,NA,4,NA,NA,NA,NA,NA,NA,NA,2e3,NA,NA,NA,NA,NA,NA,NA,NA,NA,NA,NA,1,NA,NA,NA,NA,CAMAS
06-49,NA,22,NA,NA,NA,NA,1,NA,NA,NA,5e3,NA,NA,NA,1e3,NA,NA,NA,NA,NA,NA,NA,NA,NA,NA,NA,NA,NA,NA,NA,NA,NA,FRY
06-48,NA,NA,NA,NA,NA,NA,NA,6,NA,NA,NA,250,NA,NA,10,50,NA,NA,NA,NA,10,NA,8,300,NA,NA,NA,NA,NA,NA,NA,NA,JACK
06-47,NA,NA,NA,NA,NA,NA,NA,NA,NA,NA,4,NA,NA,NA,9,NA,NA,NA,NA,NA,NA,NA,NA,NA,NA,NA,NA,NA,NA,NA,NA,NA,DRY
06-65,NA,NA,NA,NA,NA,NA,NA,NA,NA,NA,NA,NA,NA,NA,2,NA,NA,NA,NA,NA,NA,NA,NA,NA,0,NA,0,NA,NA,NA,NA,NA,CAMAS
06-54,NA,NA,3,NA,NA,NA,100,NA,NA,NA,2e4,NA,NA,NA,1e4,NA,NA,NA,NA,NA,NA,NA,NA,NA,NA,NA,NA,NA,6,NA,1,NA,FRY
06-55,NA,NA,NA,NA,NA,NA,NA,NA,NA,NA,NA,NA,NA,NA,NA,NA,1,NA,NA,NA,NA,NA,NA,NA,NA,NA,NA,NA,NA,NA,NA,NA,LCM
06-67,NA,NA,NA,NA,NA,NA,8,NA,NA,NA,300,NA,NA,NA,300,NA,NA,NA,NA,NA,NA,NA,NA,NA,NA,NA,NA,NA,NA,NA,NA,NA,FRY
06-56,NA,NA,NA,NA,NA,NA,NA,NA,NA,NA,NA,NA,NA,NA,50,NA,NA,NA,NA,NA,NA,NA,2,NA,NA,NA,NA,NA,NA,NA,NA,NA,CAMAS
06-66,NA,NA,NA,NA,NA,NA,NA,NA,NA,NA,50,NA,NA,NA,NA,NA,NA,NA,NA,NA,NA,NA,NA,NA,NA,NA,NA,NA,NA,NA,NA,NA,BRUR
06-58,NA,NA,NA,1,NA,NA,NA,NA,NA,NA,NA,NA,NA,NA,NA,NA,NA,NA,NA,NA,6,NA,5,NA,NA,NA,NA,NA,NA,NA,NA,NA,JACK
06-57,NA,NA,NA,NA,NA,NA,NA,NA,NA,NA,5,NA,2,NA,25,NA,NA,NA,NA,NA,NA,NA,NA,NA,NA,NA,NA,NA,NA,NA,NA,NA,DRY
07-10,1,NA,NA,NA,NA,NA,NA,NA,NA,NA,NA,NA,NA,NA,NA,NA,NA,NA,NA,NA,NA,NA,NA,NA,NA,NA,NA,NA,6,NA,NA,NA,BRUR
07-05,NA,NA,NA,NA,NA,NA,NA,NA,NA,NA,NA,NA,2,200,NA,NA,NA,NA,NA,NA,NA,NA,NA,NA,NA,9,NA,NA,6,NA,NA,NA,CAMAS
07-11,NA,NA,NA,NA,NA,NA,NA,NA,1,NA,1,NA,NA,NA,NA,NA,NA,NA,NA,NA,NA,NA,NA,NA,NA,NA,NA,NA,NA,NA,NA,NA,BRUR
07-14,NA,NA,NA,NA,NA,NA,NA,NA,9,NA,NA,NA,NA,NA,NA,NA,NA,NA,NA,NA,NA,NA,NA,NA,NA,NA,NA,NA,NA,NA,NA,NA,FROG
07-13,NA,NA,NA,NA,NA,NA,NA,NA,NA,NA,NA,NA,NA,50,NA,500,NA,NA,NA,NA,NA,NA,NA,NA,NA,NA,NA,50,20,NA,NA,3,CAMAS
07-15,NA,NA,NA,NA,NA,NA,NA,NA,1,NA,NA,NA,NA,NA,NA,NA,NA,NA,NA,NA,NA,NA,NA,NA,NA,NA,NA,NA,NA,NA,NA,NA,BRUR
07-16,NA,5,NA,NA,NA,NA,NA,NA,NA,NA,2,NA,NA,NA,NA,NA,NA,6,NA,NA,NA,NA,NA,NA,NA,NA,NA,NA,4,NA,NA,NA,BRUR
07-18,NA,NA,NA,NA,NA,NA,NA,NA,87,1,NA,NA,NA,NA,NA,NA,NA,NA,NA,NA,NA,NA,NA,NA,NA,NA,NA,NA,NA,NA,NA,NA,FROG
07-20,NA,NA,NA,NA,NA,NA,NA,NA,9,NA,NA,NA,20,25,NA,NA,NA,NA,NA,NA,NA,9,NA,NA,NA,NA,NA,NA,5,NA,NA,NA,FRY
07-50,NA,NA,NA,NA,NA,NA,NA,NA,2,20,NA,NA,NA,NA,NA,NA,NA,NA,NA,NA,NA,NA,NA,NA,NA,NA,NA,NA,NA,NA,NA,NA,FROG
07-19,NA,NA,NA,NA,NA,NA,NA,1,NA,NA,NA,NA,1,NA,NA,100,NA,NA,NA,NA,NA,NA,NA,NA,NA,NA,1,60,4,NA,NA,NA,CAMAS
07-22,NA,NA,NA,NA,NA,NA,NA,NA,2,NA,NA,NA,20,100,NA,NA,NA,NA,NA,NA,NA,9,NA,NA,NA,NA,NA,NA,NA,NA,NA,NA,FRY
07-23,NA,NA,NA,NA,NA,NA,NA,NA,NA,10,5,1e3,NA,NA,NA,NA,NA,NA,NA,NA,NA,NA,NA,NA,NA,NA,NA,NA,2,NA,NA,NA,FROG
07-25,NA,1,NA,NA,NA,NA,NA,NA,NA,NA,NA,NA,NA,NA,NA,NA,NA,NA,NA,NA,NA,3,NA,1e3,NA,NA,NA,NA,NA,NA,NA,NA,JACK
07-24,NA,NA,NA,NA,NA,4,NA,NA,NA,1,NA,1e4,2,500,NA,100,NA,NA,NA,NA,NA,NA,NA,NA,NA,NA,NA,NA,NA,NA,NA,NA,DRY
07-26,NA,NA,NA,NA,NA,NA,NA,NA,NA,NA,NA,NA,NA,NA,NA,NA,NA,NA,NA,NA,1,NA,NA,NA,NA,NA,NA,NA,NA,NA,NA,NA,CAMAS
07-51,NA,NA,NA,NA,NA,NA,NA,NA,NA,NA,NA,2,NA,NA,NA,NA,NA,NA,NA,NA,NA,NA,NA,NA,NA,NA,NA,NA,100,NA,NA,NA,BRUR
07-31,NA,NA,NA,NA,NA,NA,NA,NA,NA,NA,NA,NA,NA,NA,NA,50,NA,NA,NA,NA,NA,NA,1,NA,NA,NA,NA,NA,3,NA,NA,NA,LCM
07-32,NA,NA,NA,NA,NA,NA,NA,NA,NA,NA,NA,NA,NA,NA,2,NA,NA,NA,NA,NA,NA,NA,1,NA,NA,NA,NA,NA,NA,NA,NA,NA,CAMAS
07-33,NA,NA,NA,NA,NA,NA,NA,NA,NA,NA,NA,NA,NA,NA,NA,NA,NA,NA,NA,NA,NA,NA,1,NA,NA,NA,NA,NA,NA,NA,NA,NA,CAMAS
07-36,NA,18,NA,NA,NA,NA,NA,NA,NA,NA,1e5,2e5,NA,NA,500,100,NA,NA,NA,NA,NA,NA,NA,NA,NA,NA,NA,NA,NA,NA,NA,NA,FRY
07-35,NA,NA,NA,NA,NA,NA,NA,NA,NA,NA,3,NA,NA,NA,NA,100,NA,NA,NA,NA,3,NA,50,100,NA,NA,NA,NA,NA,NA,NA,NA,JACK
07-34,NA,NA,NA,NA,NA,NA,NA,NA,NA,NA,16,NA,NA,NA,1500,6e3,NA,NA,NA,NA,NA,NA,NA,NA,NA,NA,NA,NA,NA,NA,NA,NA,DRY
07-38,NA,NA,NA,NA,NA,NA,NA,2,NA,NA,85,NA,NA,NA,6,3,NA,NA,NA,NA,NA,NA,NA,NA,NA,NA,NA,NA,NA,NA,NA,NA,FROG
07-37,NA,NA,NA,NA,NA,NA,NA,1,NA,NA,NA,NA,NA,NA,NA,NA,NA,NA,NA,NA,NA,NA,NA,NA,1,NA,1,NA,1,NA,NA,1,CAMAS
07-41,NA,NA,NA,10,NA,NA,NA,12,NA,NA,1,NA,1,NA,500,50,NA,NA,NA,NA,5,NA,700,300,NA,NA,NA,NA,3,NA,NA,NA,JACK
07-42,NA,NA,NA,NA,NA,NA,NA,NA,NA,NA,NA,NA,1,NA,NA,NA,NA,NA,NA,NA,NA,NA,1,NA,2,NA,1,NA,2,NA,NA,NA,CAMAS
07-40,NA,NA,NA,NA,NA,NA,NA,NA,1,NA,NA,NA,NA,NA,NA,NA,NA,NA,NA,NA,NA,NA,NA,NA,NA,NA,NA,NA,NA,NA,NA,NA,BRUR
07-43,NA,NA,NA,NA,NA,NA,NA,NA,NA,NA,NA,NA,4,NA,NA,NA,NA,NA,NA,NA,1,NA,1,NA,NA,NA,NA,NA,NA,NA,NA,NA,LCM
07-45,NA,NA,NA,NA,NA,NA,NA,NA,NA,NA,NA,NA,1,NA,NA,NA,NA,NA,NA,NA,NA,NA,6,NA,NA,NA,NA,NA,NA,NA,NA,NA,LCM
07-46,NA,NA,NA,NA,NA,NA,NA,NA,NA,NA,NA,NA,1,NA,NA,NA,NA,NA,NA,NA,NA,NA,1,NA,NA,NA,NA,NA,NA,NA,NA,NA,LCM
07-47,NA,NA,NA,NA,NA,NA,NA,NA,NA,NA,NA,NA,3,NA,NA,NA,NA,NA,NA,NA,NA,NA,NA,NA,2,NA,2,NA,NA,NA,NA,NA,CAMAS
08-01,NA,NA,NA,NA,NA,NA,NA,NA,NA,NA,NA,NA,NA,NA,NA,NA,NA,85,NA,NA,NA,NA,NA,NA,NA,NA,NA,NA,12,NA,NA,NA,BRUR
08-06,NA,NA,NA,NA,NA,NA,NA,NA,NA,NA,NA,NA,NA,NA,NA,NA,NA,30,NA,NA,NA,NA,NA,NA,NA,NA,NA,NA,9,NA,1,NA,BRUR
08-07,NA,NA,NA,NA,NA,NA,NA,NA,1,NA,NA,NA,NA,NA,NA,NA,NA,NA,NA,NA,NA,NA,NA,NA,NA,NA,NA,NA,NA,NA,NA,NA,BRUR
08-08,NA,NA,NA,NA,NA,NA,NA,NA,NA,NA,NA,NA,25,6,NA,NA,NA,NA,NA,NA,NA,NA,NA,NA,NA,25,NA,NA,1,NA,NA,NA,CAMAS
08-09,NA,NA,NA,NA,NA,NA,NA,NA,NA,NA,NA,NA,214,100,NA,NA,NA,NA,NA,NA,NA,NA,NA,NA,4,16,NA,NA,16,NA,NA,NA,CAMAS
08-10,NA,NA,NA,NA,NA,NA,NA,NA,NA,NA,NA,NA,NA,NA,NA,NA,NA,15,NA,NA,NA,NA,NA,NA,NA,NA,NA,NA,5,NA,NA,NA,BRUR
08-11,NA,NA,NA,NA,NA,NA,NA,NA,NA,NA,NA,NA,3,NA,NA,NA,NA,NA,NA,NA,NA,NA,NA,NA,NA,NA,NA,NA,NA,NA,NA,NA,CAMAS
08-12,NA,7,NA,NA,NA,NA,NA,NA,NA,NA,NA,NA,1,NA,NA,NA,NA,NA,NA,NA,2,21,NA,NA,NA,NA,NA,NA,2,NA,NA,NA,WEENS
08-15,NA,NA,NA,NA,NA,NA,NA,NA,3,NA,NA,NA,NA,NA,NA,NA,NA,NA,NA,NA,NA,NA,NA,NA,NA,NA,NA,NA,NA,NA,NA,NA,FROG
08-14,NA,1,NA,NA,NA,NA,NA,NA,NA,NA,NA,NA,5,50,NA,50,NA,NA,NA,NA,NA,NA,2,NA,1,NA,NA,NA,5,NA,NA,NA,CAMAS
08-16,NA,NA,NA,NA,NA,NA,NA,NA,1,1,NA,NA,30,36,NA,NA,NA,NA,NA,NA,NA,NA,NA,NA,NA,NA,NA,NA,NA,NA,NA,NA,DRY
08-17,NA,NA,NA,NA,NA,NA,NA,NA,2,NA,NA,NA,1,NA,NA,NA,NA,NA,NA,NA,NA,NA,NA,NA,NA,NA,NA,NA,NA,NA,NA,NA,FROG
08-20,NA,2,NA,NA,NA,NA,NA,NA,NA,NA,NA,100,NA,NA,NA,500,NA,NA,NA,NA,NA,NA,NA,NA,NA,NA,NA,NA,1,NA,NA,NA,FRY
08-19,NA,NA,NA,NA,NA,NA,NA,NA,NA,NA,7,NA,1,NA,10,500,NA,NA,NA,NA,1,NA,9,2300,NA,NA,NA,NA,4,NA,NA,NA,JACK
08-18,NA,NA,NA,NA,NA,NA,NA,NA,NA,NA,NA,1e3,NA,NA,NA,1e4,NA,NA,NA,NA,NA,NA,NA,NA,NA,NA,NA,NA,NA,NA,NA,NA,DRY
08-21,NA,NA,NA,NA,NA,NA,NA,NA,NA,NA,NA,NA,NA,NA,NA,50,NA,NA,NA,NA,NA,NA,NA,NA,NA,NA,NA,NA,2,NA,NA,NA,LCM
08-22,NA,NA,NA,NA,NA,NA,NA,NA,2,NA,NA,100,NA,NA,NA,20,NA,NA,NA,NA,NA,NA,NA,NA,NA,NA,NA,NA,NA,NA,NA,NA,FROG
08-23,NA,NA,NA,NA,NA,NA,NA,NA,NA,NA,NA,1e4,NA,NA,NA,NA,NA,NA,NA,NA,NA,NA,NA,NA,NA,NA,NA,NA,1,NA,NA,NA,BRUR
08-25,NA,NA,NA,NA,NA,NA,NA,NA,NA,NA,NA,50,NA,NA,NA,500,NA,NA,NA,NA,NA,NA,NA,NA,NA,NA,NA,NA,NA,NA,NA,NA,FRY
08-24,NA,2,NA,NA,NA,NA,NA,NA,3,NA,NA,1e5,NA,NA,NA,200,NA,NA,NA,NA,NA,NA,NA,NA,NA,NA,NA,NA,NA,NA,NA,NA,FROG
08-26,NA,NA,NA,NA,NA,NA,NA,NA,1,NA,NA,1e5,NA,NA,NA,5e3,NA,NA,NA,NA,NA,NA,NA,NA,NA,NA,NA,NA,NA,NA,NA,NA,FRY
08-27,NA,NA,NA,NA,NA,NA,NA,NA,NA,NA,1,2500,NA,NA,500,2e4,NA,NA,NA,NA,NA,NA,NA,NA,NA,NA,NA,NA,NA,NA,NA,NA,DRY
08-29,NA,NA,NA,NA,NA,NA,NA,NA,NA,NA,3,NA,NA,NA,NA,NA,NA,NA,NA,NA,3,NA,15,5e3,NA,NA,NA,NA,4,NA,NA,NA,JACK
08-28,NA,NA,NA,NA,NA,NA,NA,2,NA,NA,3,2e3,NA,NA,200,5e3,NA,NA,NA,NA,NA,NA,NA,5,NA,NA,NA,NA,2,NA,NA,NA,DRY
08-40,NA,NA,NA,NA,NA,NA,NA,NA,NA,NA,1e4,NA,NA,NA,NA,NA,NA,NA,NA,NA,NA,NA,NA,NA,NA,NA,NA,NA,NA,NA,NA,NA,BRUR
08-36,NA,7,1,NA,NA,NA,9,NA,NA,NA,3e3,NA,1,NA,50,200,NA,NA,NA,NA,NA,NA,NA,NA,NA,NA,NA,NA,NA,NA,NA,NA,FRY
08-37,NA,NA,NA,NA,NA,NA,NA,NA,NA,NA,NA,NA,NA,NA,12,NA,NA,NA,NA,NA,NA,NA,NA,NA,1,NA,NA,NA,NA,NA,NA,NA,CAMAS
08-39,NA,NA,NA,NA,NA,NA,NA,NA,1,NA,NA,NA,2,NA,NA,NA,NA,NA,NA,NA,NA,NA,NA,NA,NA,NA,NA,NA,NA,NA,NA,NA,LCM
09-05,NA,NA,NA,NA,NA,NA,NA,NA,NA,NA,NA,NA,NA,NA,NA,NA,NA,36,NA,NA,NA,NA,NA,NA,NA,NA,NA,NA,NA,NA,NA,NA,BRUR
09-06,NA,NA,NA,NA,NA,NA,NA,NA,NA,NA,5,NA,NA,NA,NA,NA,NA,NA,NA,NA,NA,NA,NA,NA,NA,NA,NA,NA,NA,NA,NA,NA,BRUR
09-07,NA,NA,NA,NA,NA,NA,NA,NA,NA,NA,NA,NA,205,1e3,NA,NA,NA,NA,NA,NA,1,NA,NA,NA,1,45,NA,NA,6,NA,NA,NA,CAMAS
09-08,NA,NA,NA,NA,NA,NA,NA,NA,NA,NA,NA,NA,2,NA,NA,NA,NA,239,NA,NA,NA,NA,NA,NA,NA,NA,NA,NA,30,NA,NA,NA,BRUR
09-09,NA,NA,NA,NA,NA,NA,NA,NA,NA,NA,8,NA,NA,NA,NA,NA,NA,NA,NA,NA,NA,NA,NA,NA,NA,NA,NA,NA,NA,NA,NA,NA,BRUR
09-10,NA,NA,NA,NA,NA,NA,NA,NA,NA,NA,NA,NA,39,2e3,NA,NA,NA,NA,NA,NA,NA,NA,NA,NA,NA,16,1,NA,12,NA,NA,NA,CAMAS
09-12,NA,NA,NA,NA,NA,NA,NA,NA,NA,NA,12,NA,1,NA,NA,NA,NA,NA,NA,NA,NA,NA,NA,NA,NA,NA,NA,NA,NA,NA,NA,NA,BRUR
09-18,NA,NA,NA,NA,NA,NA,NA,NA,NA,NA,NA,NA,NA,500,NA,50,NA,NA,NA,NA,NA,NA,NA,NA,NA,NA,NA,12,NA,NA,NA,NA,CAMAS
09-21,NA,NA,NA,NA,NA,NA,NA,NA,1,NA,6,NA,NA,NA,NA,NA,NA,NA,NA,NA,NA,NA,NA,NA,NA,NA,NA,NA,NA,NA,NA,NA,BRUR
09-23,NA,NA,NA,NA,NA,NA,NA,NA,NA,1,NA,1e3,4,125,NA,NA,NA,NA,NA,NA,NA,3,NA,NA,NA,NA,NA,NA,2,NA,NA,NA,DRY
09-30,NA,NA,NA,NA,NA,NA,NA,NA,NA,NA,1,NA,6,12,4,NA,NA,NA,NA,NA,2,4,12,500,NA,NA,NA,NA,NA,NA,NA,NA,JACK
09-29,NA,NA,NA,NA,NA,NA,NA,NA,NA,1,1,500,1,NA,NA,NA,NA,NA,NA,NA,NA,NA,NA,NA,NA,NA,NA,NA,NA,NA,NA,NA,DRY
09-32,NA,NA,NA,NA,NA,NA,NA,NA,1,NA,NA,100,NA,NA,NA,NA,NA,NA,NA,NA,NA,NA,NA,NA,NA,NA,NA,NA,NA,NA,NA,NA,BRUR
09-36,NA,NA,NA,NA,NA,NA,NA,NA,NA,NA,4,1e5,2,NA,NA,1e3,NA,NA,NA,NA,NA,NA,NA,NA,NA,NA,NA,NA,NA,NA,NA,NA,FRY
09-35,NA,NA,NA,NA,NA,NA,NA,NA,NA,NA,2,NA,NA,NA,NA,1e3,NA,NA,NA,NA,NA,NA,4,1e3,NA,NA,NA,NA,NA,NA,NA,NA,JACK
09-34,NA,NA,NA,NA,NA,NA,NA,NA,NA,NA,31,120,NA,NA,NA,2e3,NA,NA,NA,NA,NA,NA,NA,6,NA,NA,NA,NA,2,NA,NA,NA,DRY
09-37,NA,NA,NA,NA,NA,NA,NA,NA,NA,NA,8,5e4,NA,NA,NA,NA,NA,NA,NA,6,NA,NA,NA,NA,NA,NA,NA,NA,NA,NA,NA,NA,BRUR
09-38,NA,NA,NA,1,NA,NA,NA,NA,NA,NA,NA,1e4,NA,NA,NA,NA,NA,NA,NA,NA,NA,NA,NA,NA,NA,NA,NA,NA,1,NA,NA,1,FROG
09-40,NA,NA,NA,NA,NA,NA,NA,4,NA,NA,6,NA,2,NA,200,500,NA,NA,NA,NA,10,NA,50,2e3,NA,NA,NA,NA,1,NA,NA,NA,JACK
09-39,NA,NA,NA,NA,NA,NA,NA,NA,1,NA,1e3,NA,NA,NA,1e4,100,NA,NA,NA,NA,NA,NA,NA,NA,NA,NA,NA,NA,NA,NA,NA,NA,DRY
09-41,NA,NA,NA,NA,NA,NA,NA,NA,NA,NA,24,NA,NA,NA,NA,NA,NA,NA,NA,NA,NA,NA,NA,NA,NA,NA,NA,NA,NA,NA,NA,NA,FROG
09-44,NA,NA,NA,5,NA,NA,NA,NA,NA,NA,NA,NA,NA,NA,50,1,NA,NA,NA,NA,3,NA,50,200,NA,NA,NA,NA,NA,NA,NA,NA,JACK
09-43,NA,NA,NA,NA,NA,NA,NA,NA,NA,NA,1,NA,NA,NA,8,NA,NA,NA,NA,NA,NA,NA,NA,NA,NA,NA,NA,NA,NA,NA,NA,NA,DRY
09-47,NA,NA,NA,NA,NA,NA,NA,NA,NA,NA,25,NA,NA,NA,NA,NA,NA,NA,NA,NA,NA,NA,NA,NA,NA,NA,NA,NA,NA,NA,NA,NA,FROG
09-48,NA,NA,NA,NA,NA,NA,NA,NA,NA,NA,20,NA,NA,NA,40,NA,NA,NA,NA,NA,NA,NA,NA,NA,NA,NA,NA,NA,1,NA,NA,NA,FRY
09-49,NA,NA,NA,NA,NA,NA,NA,NA,NA,NA,NA,NA,NA,NA,50,NA,NA,NA,NA,NA,NA,NA,NA,NA,NA,NA,NA,NA,NA,NA,NA,NA,CAMAS
09-51,NA,NA,NA,NA,NA,NA,NA,NA,NA,NA,NA,NA,1,NA,NA,NA,NA,NA,NA,NA,NA,NA,1,NA,NA,NA,NA,NA,NA,NA,NA,NA,JACK
10-03,NA,NA,NA,NA,NA,NA,NA,NA,NA,NA,NA,NA,200,1,NA,NA,NA,NA,NA,NA,NA,1,NA,NA,3,36,NA,NA,NA,NA,NA,NA,CAMAS
10-04,NA,1,NA,NA,NA,NA,NA,NA,NA,NA,NA,NA,NA,NA,NA,NA,NA,NA,NA,NA,NA,44,NA,NA,NA,NA,NA,NA,NA,NA,NA,NA,WEENS
10-08,NA,NA,NA,NA,NA,NA,NA,NA,NA,NA,NA,NA,50,NA,NA,NA,NA,NA,NA,NA,NA,2,NA,NA,NA,51,NA,NA,NA,NA,NA,NA,CAMAS
10-09,NA,NA,NA,NA,NA,NA,NA,NA,NA,NA,NA,NA,100,200,NA,NA,NA,NA,NA,NA,NA,2,NA,NA,NA,60,NA,NA,1,NA,NA,NA,CAMAS
10-12,NA,NA,NA,NA,NA,NA,NA,NA,2,4,NA,NA,20,50,NA,NA,NA,NA,NA,NA,NA,2,NA,NA,NA,NA,NA,NA,1,NA,NA,NA,DRY
10-11,NA,NA,NA,NA,NA,NA,NA,NA,NA,NA,NA,NA,NA,NA,NA,NA,NA,NA,NA,NA,NA,NA,NA,NA,NA,NA,NA,50,NA,NA,NA,NA,CAMAS
10-14,NA,NA,NA,NA,NA,NA,NA,NA,46,36,NA,NA,2,NA,NA,NA,NA,NA,NA,NA,NA,NA,NA,NA,NA,NA,NA,NA,NA,NA,NA,NA,FROG
10-20,NA,NA,NA,NA,NA,NA,NA,NA,4,NA,NA,NA,NA,NA,NA,NA,NA,NA,NA,NA,NA,NA,NA,NA,NA,NA,NA,NA,1,NA,NA,NA,BRUR
10-22,NA,NA,NA,NA,NA,NA,NA,NA,3,NA,NA,NA,4,NA,NA,NA,NA,NA,NA,NA,NA,6,NA,NA,NA,NA,NA,NA,NA,NA,NA,NA,FRY
10-21,NA,NA,NA,NA,NA,NA,NA,NA,NA,NA,NA,5e3,1,NA,NA,NA,NA,NA,NA,NA,NA,NA,NA,NA,NA,NA,NA,NA,100,NA,NA,NA,FROG
10-24,NA,NA,NA,NA,NA,NA,NA,NA,NA,NA,NA,NA,NA,NA,NA,100,NA,NA,NA,NA,NA,NA,NA,20,NA,NA,NA,NA,NA,NA,NA,NA,JACK
10-23,NA,NA,NA,NA,NA,NA,NA,NA,NA,NA,NA,10,NA,10,NA,25,NA,NA,NA,NA,NA,NA,NA,2,NA,NA,NA,NA,NA,NA,NA,NA,DRY
10-25,NA,NA,NA,NA,NA,NA,NA,NA,NA,NA,NA,NA,NA,NA,NA,25,NA,NA,NA,NA,NA,NA,NA,6,NA,NA,NA,NA,NA,NA,NA,NA,LCM
10-26,NA,NA,NA,1,NA,NA,NA,NA,NA,NA,NA,1e3,NA,NA,NA,NA,NA,NA,NA,NA,NA,NA,NA,NA,NA,NA,NA,NA,4,NA,NA,NA,FROG
10-28,NA,NA,NA,NA,NA,NA,NA,NA,4,NA,NA,2e5,NA,NA,NA,NA,NA,NA,NA,NA,NA,NA,NA,NA,NA,NA,NA,NA,NA,NA,NA,NA,BRUR
10-30,NA,NA,NA,NA,NA,NA,NA,NA,NA,NA,NA,3,NA,NA,NA,NA,NA,NA,NA,NA,NA,NA,NA,NA,NA,NA,NA,NA,NA,NA,NA,NA,DRY
10-29,NA,NA,NA,NA,NA,NA,NA,NA,NA,NA,NA,NA,2,NA,20,50,NA,NA,NA,NA,NA,NA,NA,NA,NA,NA,NA,NA,NA,NA,NA,NA,CAMAS
10-33,NA,1,NA,4,NA,NA,NA,200,1,NA,70,NA,NA,NA,2e3,100,NA,NA,NA,NA,15,NA,58,200,NA,NA,NA,NA,8,NA,NA,NA,JACK
10-32,NA,NA,NA,NA,NA,NA,NA,NA,NA,NA,20,NA,NA,NA,2e3,500,NA,NA,NA,NA,NA,NA,NA,NA,NA,NA,NA,NA,NA,NA,NA,NA,DRY
10-35,NA,NA,1,NA,NA,NA,NA,NA,1,NA,20,NA,NA,NA,12,NA,NA,NA,NA,NA,NA,NA,NA,NA,NA,NA,NA,NA,NA,NA,NA,NA,FRY
10-36,NA,NA,NA,NA,NA,NA,NA,NA,NA,NA,NA,NA,NA,NA,NA,NA,NA,NA,NA,NA,NA,NA,NA,NA,NA,NA,1,NA,NA,NA,NA,NA,CAMAS
10-37,NA,NA,NA,NA,NA,NA,NA,NA,NA,NA,NA,NA,NA,NA,1,NA,NA,NA,NA,NA,1,NA,1,NA,NA,NA,NA,NA,NA,NA,NA,NA,JACK
11-04,NA,NA,NA,NA,NA,NA,NA,NA,NA,NA,NA,NA,50,50,NA,NA,NA,NA,NA,NA,NA,NA,NA,NA,NA,55,NA,NA,1,NA,NA,NA,CAMAS
11-07,NA,NA,NA,NA,NA,NA,NA,NA,NA,NA,NA,NA,2,50,NA,NA,NA,NA,NA,NA,NA,NA,NA,NA,NA,82,NA,NA,2,NA,NA,NA,CAMAS
11-10,NA,1,NA,NA,NA,NA,NA,NA,NA,NA,NA,NA,NA,NA,NA,NA,NA,2,NA,NA,NA,NA,NA,NA,NA,NA,NA,NA,NA,NA,NA,NA,BRUR
11-11,NA,NA,NA,NA,NA,NA,NA,NA,NA,NA,NA,NA,NA,NA,NA,NA,NA,NA,NA,NA,NA,12,NA,NA,NA,NA,NA,NA,3,NA,NA,NA,WEENS
11-12,NA,NA,NA,NA,NA,NA,NA,NA,NA,NA,NA,NA,8,200,NA,NA,NA,NA,NA,NA,NA,1,NA,NA,NA,2,3,1e4,NA,NA,NA,NA,CAMAS
11-16,NA,NA,NA,NA,1,NA,NA,NA,NA,NA,NA,NA,NA,NA,NA,NA,NA,NA,NA,NA,NA,NA,NA,NA,NA,NA,NA,1,NA,NA,NA,NA,CAMAS
11-19,NA,NA,NA,NA,NA,NA,NA,NA,8,12,NA,NA,6,NA,NA,NA,NA,NA,NA,NA,NA,NA,NA,NA,NA,NA,NA,NA,NA,NA,NA,NA,FROG
11-20,NA,NA,NA,NA,NA,NA,NA,NA,NA,NA,NA,NA,5,200,NA,NA,NA,NA,NA,NA,1,40,8,NA,NA,NA,NA,NA,4,NA,NA,NA,JACK
11-21,NA,NA,NA,NA,NA,NA,NA,NA,NA,5,NA,NA,NA,500,NA,NA,NA,NA,NA,NA,NA,6,NA,NA,NA,NA,NA,NA,NA,NA,NA,NA,DRY
11-27,NA,NA,NA,NA,NA,NA,NA,NA,NA,NA,NA,NA,NA,NA,NA,20,NA,NA,NA,NA,NA,NA,2,NA,NA,NA,NA,NA,1,NA,NA,NA,LCM
11-26,NA,NA,NA,NA,NA,NA,NA,NA,NA,NA,NA,NA,NA,NA,NA,100,NA,NA,NA,NA,NA,NA,NA,NA,NA,NA,NA,100,NA,NA,NA,NA,CAMAS
11-31,NA,3,NA,NA,NA,NA,NA,NA,NA,NA,1,2e4,1,NA,100,2e3,NA,NA,NA,NA,NA,NA,NA,NA,NA,NA,NA,NA,NA,NA,NA,NA,FRY
11-30,NA,NA,NA,NA,NA,NA,NA,NA,NA,NA,10,NA,NA,NA,1e3,1e3,NA,NA,NA,NA,NA,NA,2,NA,NA,NA,NA,NA,NA,NA,NA,NA,DRY
11-29,NA,NA,NA,NA,NA,NA,NA,NA,NA,NA,NA,NA,NA,NA,NA,NA,NA,NA,NA,NA,NA,NA,NA,NA,NA,NA,2,NA,NA,NA,NA,NA,CAMAS
11-35,NA,NA,NA,NA,NA,NA,NA,2,NA,NA,500,NA,NA,NA,100,NA,NA,NA,NA,NA,NA,NA,NA,NA,NA,NA,NA,NA,NA,NA,NA,2,FROG
11-49,NA,NA,NA,NA,NA,NA,NA,NA,NA,NA,NA,NA,NA,NA,NA,NA,NA,NA,NA,NA,NA,NA,NA,NA,2,NA,NA,NA,NA,NA,NA,NA,CAMAS
12-07,NA,NA,NA,NA,NA,NA,NA,NA,NA,NA,NA,NA,15,40,NA,NA,NA,NA,NA,NA,NA,NA,NA,NA,NA,74,NA,NA,3,NA,NA,NA,CAMAS
12-10,NA,NA,NA,NA,NA,NA,NA,NA,NA,NA,NA,NA,5,150,NA,NA,NA,NA,NA,NA,NA,NA,NA,NA,NA,76,4,NA,1,NA,NA,NA,CAMAS
12-15,NA,2,NA,NA,NA,NA,NA,NA,NA,NA,NA,NA,NA,NA,NA,NA,NA,NA,NA,NA,NA,NA,NA,NA,NA,NA,NA,NA,NA,NA,NA,NA,WEENS
12-16,NA,NA,NA,NA,NA,NA,NA,NA,5,NA,NA,NA,2,NA,NA,NA,NA,NA,NA,NA,NA,NA,NA,NA,NA,NA,NA,NA,NA,NA,NA,NA,FROG
12-17,NA,NA,NA,NA,NA,NA,NA,NA,NA,2,NA,500,3,300,NA,NA,NA,NA,NA,NA,NA,6,NA,NA,NA,NA,NA,NA,NA,NA,NA,NA,DRY
12-19,NA,NA,NA,NA,NA,NA,NA,NA,NA,NA,1,5e3,NA,NA,NA,NA,NA,NA,NA,NA,NA,NA,NA,NA,NA,NA,NA,NA,7,NA,NA,NA,FROG
12-20,NA,NA,NA,NA,NA,NA,NA,NA,8,NA,NA,NA,NA,NA,NA,NA,NA,NA,NA,NA,NA,NA,NA,NA,NA,NA,NA,NA,NA,NA,NA,NA,BRUR
12-22,NA,NA,NA,NA,NA,NA,NA,NA,NA,NA,4,5,3,NA,NA,NA,NA,NA,NA,NA,NA,NA,NA,20,NA,NA,NA,NA,NA,NA,NA,NA,FRY
12-21,NA,NA,NA,NA,NA,NA,NA,NA,NA,NA,NA,NA,NA,NA,NA,200,NA,NA,NA,NA,NA,NA,NA,NA,0,NA,NA,0,2,NA,NA,NA,CAMAS
12-23,NA,NA,NA,NA,NA,NA,NA,NA,1,NA,NA,1e5,NA,NA,NA,NA,NA,NA,NA,NA,NA,NA,NA,NA,NA,NA,NA,NA,4,NA,NA,NA,BRUR
12-26,NA,NA,NA,NA,NA,NA,NA,NA,NA,NA,200,NA,NA,NA,1e3,300,NA,NA,NA,NA,NA,NA,NA,NA,NA,NA,NA,NA,NA,NA,NA,NA,DRY
12-25,NA,NA,NA,NA,NA,NA,NA,NA,1,NA,NA,NA,NA,NA,NA,NA,NA,NA,NA,NA,NA,NA,NA,NA,NA,NA,NA,NA,NA,NA,NA,NA,LCM
12-31,NA,NA,1,10,NA,NA,1,NA,NA,NA,1e4,NA,NA,NA,1e4,NA,NA,NA,NA,NA,NA,NA,3,NA,NA,NA,NA,NA,NA,NA,1,NA,FRY
12-32,NA,NA,NA,NA,NA,NA,3,NA,NA,NA,15,NA,NA,NA,50,NA,NA,NA,NA,NA,NA,NA,1,NA,NA,NA,NA,NA,NA,NA,NA,NA,FRY
12-33,NA,NA,NA,NA,NA,NA,NA,NA,NA,NA,NA,NA,NA,NA,NA,NA,1,NA,NA,NA,NA,NA,NA,NA,NA,NA,NA,NA,1,NA,NA,NA,LCM
13-03,NA,3,NA,NA,NA,NA,NA,NA,NA,NA,NA,NA,NA,NA,NA,NA,NA,20,NA,NA,NA,NA,NA,NA,NA,NA,NA,NA,NA,NA,NA,NA,BRUR
13-04,NA,NA,NA,NA,NA,NA,NA,NA,NA,NA,NA,NA,25,10,NA,NA,NA,NA,NA,NA,NA,NA,NA,NA,NA,40,NA,NA,12,NA,NA,NA,CAMAS
13-09,NA,NA,NA,NA,NA,NA,NA,NA,2,NA,NA,NA,NA,NA,NA,NA,NA,NA,NA,NA,NA,NA,NA,NA,NA,NA,NA,NA,NA,NA,NA,NA,BRUR
13-10,NA,NA,NA,NA,NA,NA,NA,NA,4,NA,NA,NA,NA,NA,NA,NA,NA,NA,NA,NA,NA,NA,NA,NA,NA,NA,NA,NA,NA,NA,NA,NA,BRUR
13-12,NA,NA,NA,NA,NA,NA,NA,NA,10,NA,NA,NA,NA,NA,NA,NA,NA,NA,NA,NA,NA,NA,NA,NA,NA,NA,NA,NA,NA,NA,NA,NA,BRUR
13-13,NA,NA,NA,NA,NA,NA,NA,NA,2,NA,NA,NA,NA,NA,NA,NA,NA,NA,NA,NA,NA,NA,NA,NA,NA,NA,NA,NA,NA,NA,NA,NA,BRUR
13-17,NA,NA,NA,NA,NA,NA,NA,NA,NA,NA,NA,65,NA,NA,NA,200,NA,NA,NA,NA,NA,NA,NA,30,NA,NA,NA,NA,NA,NA,NA,NA,FRY
13-16,NA,NA,NA,NA,NA,NA,NA,NA,NA,NA,NA,NA,NA,NA,NA,100,NA,NA,NA,NA,NA,NA,NA,20,NA,NA,NA,NA,NA,NA,NA,NA,JACK
13-15,NA,NA,NA,NA,NA,NA,NA,NA,NA,NA,NA,50,1,NA,NA,200,NA,NA,NA,NA,NA,NA,NA,1,NA,NA,NA,NA,NA,NA,NA,NA,DRY
13-19,NA,NA,NA,NA,NA,NA,NA,NA,NA,NA,50,NA,NA,NA,100,NA,NA,NA,NA,NA,NA,NA,NA,NA,NA,NA,NA,NA,NA,NA,NA,NA,DRY
13-23,NA,NA,NA,NA,NA,NA,NA,NA,NA,NA,2e3,NA,NA,NA,3e3,2,NA,NA,NA,NA,NA,NA,NA,NA,NA,NA,NA,NA,NA,NA,NA,NA,FRY
13-22,NA,NA,NA,NA,NA,NA,NA,8,NA,NA,1,NA,1,NA,100,2,NA,NA,NA,NA,2,NA,3,300,NA,NA,NA,NA,NA,NA,NA,NA,JACK
13-21,NA,NA,NA,NA,NA,NA,NA,NA,NA,NA,2,NA,NA,NA,300,NA,NA,NA,NA,NA,NA,NA,NA,NA,NA,NA,NA,NA,NA,NA,NA,NA,DRY
13-27,NA,NA,NA,NA,NA,NA,NA,NA,1,NA,NA,NA,NA,NA,NA,NA,NA,NA,NA,NA,NA,NA,NA,NA,NA,NA,NA,NA,NA,NA,NA,NA,BRUR
13-32,NA,NA,NA,NA,NA,NA,NA,NA,NA,NA,NA,NA,NA,NA,NA,NA,NA,NA,NA,NA,7,NA,NA,NA,NA,NA,NA,NA,NA,NA,NA,NA,WEENS
14-01,NA,NA,NA,NA,NA,NA,NA,NA,NA,NA,NA,NA,4,1,NA,NA,NA,NA,NA,NA,NA,NA,NA,NA,3,50,NA,NA,4,NA,NA,NA,CAMAS
14-02,NA,NA,NA,NA,NA,NA,NA,NA,NA,NA,NA,NA,NA,4,NA,NA,NA,NA,NA,NA,NA,NA,NA,NA,1,51,NA,NA,NA,NA,NA,NA,CAMAS
14-03,NA,2,NA,NA,NA,NA,NA,NA,NA,NA,NA,NA,NA,NA,NA,NA,NA,143,NA,NA,NA,NA,NA,NA,NA,NA,NA,NA,25,NA,NA,NA,BRUR
14-04,NA,2,NA,NA,NA,NA,NA,NA,NA,NA,NA,NA,3,200,NA,NA,NA,NA,NA,NA,NA,NA,NA,NA,NA,59,2,15,2,NA,NA,NA,CAMAS
14-10,NA,NA,NA,NA,NA,NA,NA,NA,NA,NA,NA,10,NA,NA,NA,NA,NA,NA,NA,NA,NA,1,NA,25,NA,NA,NA,NA,NA,NA,NA,NA,FRY
14-09,NA,NA,NA,NA,NA,NA,NA,NA,NA,NA,NA,NA,NA,6,NA,50,NA,NA,NA,NA,NA,NA,1,30,NA,NA,NA,NA,NA,NA,NA,NA,JACK
14-08,NA,NA,NA,NA,NA,NA,NA,NA,NA,NA,NA,50,NA,NA,NA,10,NA,NA,NA,NA,NA,NA,NA,NA,NA,NA,NA,NA,NA,NA,NA,NA,DRY
14-11,NA,NA,NA,NA,NA,NA,NA,NA,NA,NA,NA,3e4,NA,NA,NA,NA,NA,NA,NA,NA,NA,NA,NA,NA,NA,NA,NA,NA,1,NA,NA,NA,FROG
14-13,NA,NA,NA,NA,NA,NA,NA,NA,NA,NA,NA,1,NA,NA,NA,200,NA,NA,NA,NA,NA,NA,NA,NA,NA,NA,NA,NA,NA,NA,NA,NA,FRY
14-12,NA,NA,NA,NA,NA,NA,NA,NA,NA,NA,1,NA,NA,NA,NA,200,NA,NA,NA,NA,NA,NA,NA,50,NA,NA,NA,NA,NA,NA,NA,NA,JACK
14-14,NA,NA,NA,NA,NA,NA,NA,NA,NA,NA,NA,NA,NA,NA,100,2e3,NA,NA,NA,NA,NA,NA,NA,NA,NA,NA,NA,50,1,NA,NA,NA,CAMAS
14-16,NA,NA,NA,NA,NA,NA,NA,NA,NA,NA,NA,50,NA,NA,NA,NA,NA,NA,NA,NA,NA,NA,NA,NA,NA,NA,NA,NA,NA,NA,NA,NA,BRUR
14-20,NA,8,NA,12,NA,NA,4,3,NA,NA,1e4,500,NA,NA,1e4,20,NA,NA,NA,NA,1,NA,NA,NA,NA,NA,NA,NA,NA,NA,NA,NA,FRY
14-19,NA,NA,NA,NA,NA,NA,NA,NA,NA,NA,NA,NA,NA,NA,20,NA,NA,NA,NA,NA,NA,NA,NA,NA,NA,NA,2,NA,NA,NA,NA,NA,CAMAS
14-23,NA,NA,NA,1,NA,NA,NA,NA,NA,NA,2,1,NA,NA,NA,NA,NA,NA,NA,NA,NA,NA,NA,NA,NA,NA,NA,NA,NA,NA,NA,NA,BRUR
14-25,NA,NA,NA,NA,NA,NA,NA,NA,NA,NA,NA,NA,NA,NA,NA,NA,NA,NA,1,NA,NA,NA,NA,NA,NA,NA,NA,NA,NA,NA,NA,NA,LCM
14-26,NA,NA,NA,NA,NA,NA,NA,NA,NA,NA,NA,NA,NA,NA,NA,NA,NA,NA,NA,NA,1,NA,1,NA,NA,NA,NA,NA,NA,NA,NA,NA,WEENS
